,University,Academic Cluster,Academic Profile,Venue Cluster,Venue Profile
0,Abilene Christian University,1,Least Selective/Lower Scores,3,Variety of Cuisines
1,Abraham Baldwin Agricultural College,2,Less Selective/Lowest Scores,3,Variety of Cuisines
2,Adams State University,2,Less Selective/Lowest Scores,2,Fast Food
3,Adelphi University,0,Less Selective/Medium Scores,0,Coffee and Casual
4,Adrian College,1,Least Selective/Lower Scores,3,Variety of Cuisines
5,AdventHealth University,2,Less Selective/Lowest Scores,1,Outdoor Attractions
6,Alabama A & M University,2,Less Selective/Lowest Scores,1,Outdoor Attractions
7,Alabama State University,2,Less Selective/Lowest Scores,1,Outdoor Attractions
8,Albany College of Pharmacy and Health Sciences,0,Less Selective/Medium Scores,0,Coffee and Casual
9,Albany State University,2,Less Selective/Lowest Scores,4,Pizza and Dessert
10,Albertus Magnus College,2,Less Selective/Lowest Scores,1,Outdoor Attractions
11,Albion College,1,Least Selective/Lower Scores,2,Fast Food
12,Alcorn State University,1,Least Selective/Lower Scores,1,Outdoor Attractions
13,Alderson Broaddus University,2,Less Selective/Lowest Scores,2,Fast Food
14,Alfred University,1,Least Selective/Lower Scores,4,Pizza and Dessert
15,Alice Lloyd College,2,Less Selective/Lowest Scores,2,Fast Food
16,Allegheny College,0,Less Selective/Medium Scores,4,Pizza and Dessert
17,Alma College,1,Least Selective/Lower Scores,4,Pizza and Dessert
18,Alvernia University,2,Less Selective/Lowest Scores,3,Variety of Cuisines
19,American International College,2,Less Selective/Lowest Scores,0,Coffee and Casual
20,American University,0,Less Selective/Medium Scores,0,Coffee and Casual
21,Amherst College,3,Most Selective/Highest Scores,1,Outdoor Attractions
22,Ancilla College,2,Less Selective/Lowest Scores,0,Coffee and Casual
23,Anderson University,1,Least Selective/Lower Scores,3,Variety of Cuisines
24,Anderson University,0,Less Selective/Medium Scores,3,Variety of Cuisines
25,Andrew College,2,Less Selective/Lowest Scores,4,Pizza and Dessert
26,Andrews University,0,Less Selective/Medium Scores,4,Pizza and Dessert
27,Angelo State University,2,Less Selective/Lowest Scores,3,Variety of Cuisines
28,Antioch College,0,Less Selective/Medium Scores,1,Outdoor Attractions
29,Appalachian Bible College,2,Less Selective/Lowest Scores,3,Variety of Cuisines
30,Appalachian State University,0,Less Selective/Medium Scores,1,Outdoor Attractions
31,Arcadia University,1,Least Selective/Lower Scores,1,Outdoor Attractions
32,Arizona Christian University,2,Less Selective/Lowest Scores,0,Coffee and Casual
33,Arizona State University-Downtown Phoenix,0,Less Selective/Medium Scores,1,Outdoor Attractions
34,Arizona State University-Polytechnic,0,Less Selective/Medium Scores,3,Variety of Cuisines
35,Arizona State University-Tempe,0,Less Selective/Medium Scores,1,Outdoor Attractions
36,Arizona State University-West,1,Least Selective/Lower Scores,3,Variety of Cuisines
37,Arkansas State University-Main Campus,1,Least Selective/Lower Scores,3,Variety of Cuisines
38,Art Academy of Cincinnati,2,Less Selective/Lowest Scores,1,Outdoor Attractions
39,Ashland University,1,Least Selective/Lower Scores,4,Pizza and Dessert
40,Auburn University,0,Less Selective/Medium Scores,3,Variety of Cuisines
41,Auburn University at Montgomery,1,Least Selective/Lower Scores,3,Variety of Cuisines
42,Augsburg University,0,Less Selective/Medium Scores,0,Coffee and Casual
43,Augusta University,1,Least Selective/Lower Scores,0,Coffee and Casual
44,Augustana University,0,Less Selective/Medium Scores,1,Outdoor Attractions
45,Aurora University,1,Least Selective/Lower Scores,3,Variety of Cuisines
46,Austin College,0,Less Selective/Medium Scores,3,Variety of Cuisines
47,Ave Maria University,0,Less Selective/Medium Scores,0,Coffee and Casual
48,Averett University,2,Less Selective/Lowest Scores,3,Variety of Cuisines
49,Avila University,2,Less Selective/Lowest Scores,3,Variety of Cuisines
50,Azusa Pacific University,1,Least Selective/Lower Scores,3,Variety of Cuisines
51,Babson College,3,Most Selective/Highest Scores,0,Coffee and Casual
52,Bacone College,2,Less Selective/Lowest Scores,3,Variety of Cuisines
53,Baker University,1,Least Selective/Lower Scores,2,Fast Food
54,Baldwin Wallace University,1,Least Selective/Lower Scores,0,Coffee and Casual
55,Barnard College,3,Most Selective/Highest Scores,0,Coffee and Casual
56,Barton College,2,Less Selective/Lowest Scores,3,Variety of Cuisines
57,Baylor University,0,Less Selective/Medium Scores,1,Outdoor Attractions
58,Becker College,1,Least Selective/Lower Scores,1,Outdoor Attractions
59,Bellarmine University,0,Less Selective/Medium Scores,1,Outdoor Attractions
60,Belmont Abbey College,1,Least Selective/Lower Scores,1,Outdoor Attractions
61,Belmont University,0,Less Selective/Medium Scores,1,Outdoor Attractions
62,Beloit College,0,Less Selective/Medium Scores,4,Pizza and Dessert
63,Benedictine College,0,Less Selective/Medium Scores,2,Fast Food
64,Benedictine University,1,Least Selective/Lower Scores,3,Variety of Cuisines
65,Bennett College,2,Less Selective/Lowest Scores,1,Outdoor Attractions
66,Bentley University,3,Most Selective/Highest Scores,0,Coffee and Casual
67,Berea College,1,Least Selective/Lower Scores,2,Fast Food
68,Berry College,0,Less Selective/Medium Scores,3,Variety of Cuisines
69,Bethany College,2,Less Selective/Lowest Scores,4,Pizza and Dessert
70,Bethany College,2,Less Selective/Lowest Scores,4,Pizza and Dessert
71,Bethany Lutheran College,1,Least Selective/Lower Scores,1,Outdoor Attractions
72,Bethel College-Indiana,1,Least Selective/Lower Scores,0,Coffee and Casual
73,Bethel College-North Newton,1,Least Selective/Lower Scores,2,Fast Food
74,Bethel University,0,Less Selective/Medium Scores,3,Variety of Cuisines
75,Bethel University,2,Less Selective/Lowest Scores,3,Variety of Cuisines
76,Bethlehem College & Seminary,0,Less Selective/Medium Scores,0,Coffee and Casual
77,Binghamton University,3,Most Selective/Highest Scores,0,Coffee and Casual
78,Biola University,0,Less Selective/Medium Scores,3,Variety of Cuisines
79,Birmingham Southern College,1,Least Selective/Lower Scores,1,Outdoor Attractions
80,Black Hills State University,1,Least Selective/Lower Scores,1,Outdoor Attractions
81,Blackburn College,2,Less Selective/Lowest Scores,2,Fast Food
82,Bloomfield College,2,Less Selective/Lowest Scores,0,Coffee and Casual
83,Bloomsburg University of Pennsylvania,1,Least Selective/Lower Scores,0,Coffee and Casual
84,Blue Mountain College,2,Less Selective/Lowest Scores,0,Coffee and Casual
85,Bluefield College,2,Less Selective/Lowest Scores,2,Fast Food
86,Bluefield State College,2,Less Selective/Lowest Scores,2,Fast Food
87,Bluffton University,2,Less Selective/Lowest Scores,2,Fast Food
88,Boise Bible College,1,Least Selective/Lower Scores,1,Outdoor Attractions
89,Boise State University,1,Least Selective/Lower Scores,1,Outdoor Attractions
90,Boston Baptist College,2,Less Selective/Lowest Scores,0,Coffee and Casual
91,Boston College,3,Most Selective/Highest Scores,0,Coffee and Casual
92,Boston University,3,Most Selective/Highest Scores,0,Coffee and Casual
93,Bowling Green State University-Main Campus,2,Less Selective/Lowest Scores,1,Outdoor Attractions
94,Bradley University,0,Less Selective/Medium Scores,1,Outdoor Attractions
95,Brandeis University,3,Most Selective/Highest Scores,0,Coffee and Casual
96,Brenau University,2,Less Selective/Lowest Scores,3,Variety of Cuisines
97,Brescia University,1,Least Selective/Lower Scores,3,Variety of Cuisines
98,Brewton-Parker College,2,Less Selective/Lowest Scores,4,Pizza and Dessert
99,Bridgewater College,1,Least Selective/Lower Scores,4,Pizza and Dessert
100,Bridgewater State University,1,Least Selective/Lower Scores,1,Outdoor Attractions
101,Brigham Young University-Hawaii,1,Least Selective/Lower Scores,0,Coffee and Casual
102,Brigham Young University-Idaho,1,Least Selective/Lower Scores,3,Variety of Cuisines
103,Brigham Young University-Provo,3,Most Selective/Highest Scores,3,Variety of Cuisines
104,Brown University,3,Most Selective/Highest Scores,1,Outdoor Attractions
105,Bryan College-Dayton,0,Less Selective/Medium Scores,2,Fast Food
106,Bryn Athyn College of the New Church,1,Least Selective/Lower Scores,0,Coffee and Casual
107,Bucknell University,3,Most Selective/Highest Scores,1,Outdoor Attractions
108,Buena Vista University,2,Less Selective/Lowest Scores,4,Pizza and Dessert
109,Butler University,0,Less Selective/Medium Scores,1,Outdoor Attractions
110,Cabarrus College of Health Sciences,2,Less Selective/Lowest Scores,3,Variety of Cuisines
111,Cairn University-Langhorne,1,Least Selective/Lower Scores,1,Outdoor Attractions
112,Caldwell University,1,Least Selective/Lower Scores,0,Coffee and Casual
113,California Baptist University,1,Least Selective/Lower Scores,3,Variety of Cuisines
114,California Institute of Technology,3,Most Selective/Highest Scores,1,Outdoor Attractions
115,California Lutheran University,1,Least Selective/Lower Scores,3,Variety of Cuisines
116,California Polytechnic State University-San Luis Obispo,3,Most Selective/Highest Scores,1,Outdoor Attractions
117,California State Polytechnic University-Pomona,0,Less Selective/Medium Scores,3,Variety of Cuisines
118,California State University-Chico,1,Least Selective/Lower Scores,1,Outdoor Attractions
119,California State University-Fresno,2,Less Selective/Lowest Scores,3,Variety of Cuisines
120,California State University-Fullerton,1,Least Selective/Lower Scores,3,Variety of Cuisines
121,California State University-Long Beach,1,Least Selective/Lower Scores,3,Variety of Cuisines
122,California State University-Los Angeles,2,Less Selective/Lowest Scores,3,Variety of Cuisines
123,California State University-Monterey Bay,1,Least Selective/Lower Scores,3,Variety of Cuisines
124,California State University-Northridge,2,Less Selective/Lowest Scores,3,Variety of Cuisines
125,California State University-Sacramento,2,Less Selective/Lowest Scores,3,Variety of Cuisines
126,California State University-San Bernardino,2,Less Selective/Lowest Scores,3,Variety of Cuisines
127,California State University-San Marcos,2,Less Selective/Lowest Scores,3,Variety of Cuisines
128,California University of Pennsylvania,2,Less Selective/Lowest Scores,4,Pizza and Dessert
129,Calvary University,1,Least Selective/Lower Scores,3,Variety of Cuisines
130,Campbell University,1,Least Selective/Lower Scores,2,Fast Food
131,Campbellsville University,1,Least Selective/Lower Scores,2,Fast Food
132,Capital University,1,Least Selective/Lower Scores,1,Outdoor Attractions
133,Capitol Technology University,1,Least Selective/Lower Scores,0,Coffee and Casual
134,Cardinal Stritch University,2,Less Selective/Lowest Scores,0,Coffee and Casual
135,Carleton College,3,Most Selective/Highest Scores,1,Outdoor Attractions
136,Carlow University,1,Least Selective/Lower Scores,0,Coffee and Casual
137,Carnegie Mellon University,3,Most Selective/Highest Scores,1,Outdoor Attractions
138,Carroll College,0,Less Selective/Medium Scores,1,Outdoor Attractions
139,Carroll University,1,Least Selective/Lower Scores,1,Outdoor Attractions
140,Carson-Newman University,1,Least Selective/Lower Scores,2,Fast Food
141,Carthage College,1,Least Selective/Lower Scores,1,Outdoor Attractions
142,Case Western Reserve University,3,Most Selective/Highest Scores,0,Coffee and Casual
143,Castleton University,2,Less Selective/Lowest Scores,4,Pizza and Dessert
144,Catawba College,2,Less Selective/Lowest Scores,3,Variety of Cuisines
145,Cedar Crest College,1,Least Selective/Lower Scores,0,Coffee and Casual
146,Cedarville University,0,Less Selective/Medium Scores,4,Pizza and Dessert
147,Centenary College of Louisiana,1,Least Selective/Lower Scores,1,Outdoor Attractions
148,Centenary University,2,Less Selective/Lowest Scores,1,Outdoor Attractions
149,Central Baptist College,2,Less Selective/Lowest Scores,1,Outdoor Attractions
150,Central College,1,Least Selective/Lower Scores,4,Pizza and Dessert
151,Central Methodist University-College of Liberal Arts and Sciences,2,Less Selective/Lowest Scores,4,Pizza and Dessert
152,Central Michigan University,1,Least Selective/Lower Scores,1,Outdoor Attractions
153,Central State University,2,Less Selective/Lowest Scores,4,Pizza and Dessert
154,Central Washington University,1,Least Selective/Lower Scores,3,Variety of Cuisines
155,Centre College,3,Most Selective/Highest Scores,4,Pizza and Dessert
156,Chaminade University of Honolulu,2,Less Selective/Lowest Scores,0,Coffee and Casual
157,Champlain College,0,Less Selective/Medium Scores,1,Outdoor Attractions
158,Chapman University,0,Less Selective/Medium Scores,3,Variety of Cuisines
159,Charles R Drew University of Medicine and Science,2,Less Selective/Lowest Scores,3,Variety of Cuisines
160,Charleston Southern University,1,Least Selective/Lower Scores,3,Variety of Cuisines
161,Chestnut Hill College,2,Less Selective/Lowest Scores,0,Coffee and Casual
162,Chicago State University,2,Less Selective/Lowest Scores,0,Coffee and Casual
163,Chowan University,2,Less Selective/Lowest Scores,4,Pizza and Dessert
164,Christopher Newport University,0,Less Selective/Medium Scores,1,Outdoor Attractions
165,Cincinnati Christian University,2,Less Selective/Lowest Scores,1,Outdoor Attractions
166,Citadel Military College of South Carolina,1,Least Selective/Lower Scores,1,Outdoor Attractions
167,Claflin University,2,Less Selective/Lowest Scores,4,Pizza and Dessert
168,Claremont McKenna College,3,Most Selective/Highest Scores,3,Variety of Cuisines
169,Clarion University of Pennsylvania,2,Less Selective/Lowest Scores,4,Pizza and Dessert
170,Clark Atlanta University,2,Less Selective/Lowest Scores,1,Outdoor Attractions
171,Clarke University,2,Less Selective/Lowest Scores,1,Outdoor Attractions
172,Clarkson University,0,Less Selective/Medium Scores,4,Pizza and Dessert
173,Cleary University,1,Least Selective/Lower Scores,3,Variety of Cuisines
174,Clemson University,3,Most Selective/Highest Scores,4,Pizza and Dessert
175,Cleveland Institute of Art,1,Least Selective/Lower Scores,0,Coffee and Casual
176,Cleveland State University,1,Least Selective/Lower Scores,0,Coffee and Casual
177,Coastal Carolina University,1,Least Selective/Lower Scores,3,Variety of Cuisines
178,Coe College,0,Less Selective/Medium Scores,1,Outdoor Attractions
179,Coker College,1,Least Selective/Lower Scores,2,Fast Food
180,Colby College,3,Most Selective/Highest Scores,4,Pizza and Dessert
181,Colgate University,3,Most Selective/Highest Scores,4,Pizza and Dessert
182,College for Creative Studies,1,Least Selective/Lower Scores,1,Outdoor Attractions
183,College of Charleston,1,Least Selective/Lower Scores,1,Outdoor Attractions
184,College of Coastal Georgia,2,Less Selective/Lowest Scores,3,Variety of Cuisines
185,College of Mount Saint Vincent,2,Less Selective/Lowest Scores,0,Coffee and Casual
186,College of Our Lady of the Elms,1,Least Selective/Lower Scores,3,Variety of Cuisines
187,College of Saint Benedict,1,Least Selective/Lower Scores,4,Pizza and Dessert
188,College of the Ozarks,0,Less Selective/Medium Scores,3,Variety of Cuisines
189,College of William and Mary,3,Most Selective/Highest Scores,1,Outdoor Attractions
190,Colorado Mesa University,2,Less Selective/Lowest Scores,3,Variety of Cuisines
191,Colorado School of Mines,3,Most Selective/Highest Scores,1,Outdoor Attractions
192,Colorado State University-Fort Collins,0,Less Selective/Medium Scores,1,Outdoor Attractions
193,Colorado State University-Pueblo,2,Less Selective/Lowest Scores,1,Outdoor Attractions
194,Columbia International University,2,Less Selective/Lowest Scores,3,Variety of Cuisines
195,Columbia University in the City of New York,3,Most Selective/Highest Scores,0,Coffee and Casual
196,Columbus State University,2,Less Selective/Lowest Scores,3,Variety of Cuisines
197,Concord University,2,Less Selective/Lowest Scores,4,Pizza and Dessert
198,Concordia College at Moorhead,0,Less Selective/Medium Scores,1,Outdoor Attractions
199,Concordia College-New York,2,Less Selective/Lowest Scores,1,Outdoor Attractions
200,Concordia University Texas,1,Least Selective/Lower Scores,3,Variety of Cuisines
201,Concordia University-Chicago,1,Least Selective/Lower Scores,3,Variety of Cuisines
202,Concordia University-Irvine,1,Least Selective/Lower Scores,0,Coffee and Casual
203,Concordia University-Nebraska,2,Less Selective/Lowest Scores,2,Fast Food
204,Concordia University-Portland,1,Least Selective/Lower Scores,1,Outdoor Attractions
205,Connecticut College,3,Most Selective/Highest Scores,1,Outdoor Attractions
206,Converse College,1,Least Selective/Lower Scores,3,Variety of Cuisines
207,Cooper Union for the Advancement of Science and Art,3,Most Selective/Highest Scores,0,Coffee and Casual
208,Coppin State University,2,Less Selective/Lowest Scores,1,Outdoor Attractions
209,Corban University,1,Least Selective/Lower Scores,1,Outdoor Attractions
210,Cornell College,0,Less Selective/Medium Scores,1,Outdoor Attractions
211,Cornerstone University,1,Least Selective/Lower Scores,1,Outdoor Attractions
212,Cottey College,2,Less Selective/Lowest Scores,2,Fast Food
213,Covenant College,0,Less Selective/Medium Scores,4,Pizza and Dessert
214,Creighton University,0,Less Selective/Medium Scores,1,Outdoor Attractions
215,Criswell College,2,Less Selective/Lowest Scores,1,Outdoor Attractions
216,Crown College,1,Least Selective/Lower Scores,4,Pizza and Dessert
217,Culver-Stockton College,2,Less Selective/Lowest Scores,4,Pizza and Dessert
218,Cumberland University,2,Less Selective/Lowest Scores,3,Variety of Cuisines
219,Curry College,2,Less Selective/Lowest Scores,0,Coffee and Casual
220,Dakota State University,1,Least Selective/Lower Scores,4,Pizza and Dessert
221,Dakota Wesleyan University,2,Less Selective/Lowest Scores,4,Pizza and Dessert
222,Dallas Baptist University,0,Less Selective/Medium Scores,3,Variety of Cuisines
223,Dallas Christian College,1,Least Selective/Lower Scores,3,Variety of Cuisines
224,Dartmouth College,3,Most Selective/Highest Scores,0,Coffee and Casual
225,Davidson College,3,Most Selective/Highest Scores,1,Outdoor Attractions
226,Davis & Elkins College,2,Less Selective/Lowest Scores,4,Pizza and Dessert
227,Dean College,2,Less Selective/Lowest Scores,0,Coffee and Casual
228,Defiance College,2,Less Selective/Lowest Scores,4,Pizza and Dessert
229,Delaware State University,2,Less Selective/Lowest Scores,3,Variety of Cuisines
230,Delaware Valley University,1,Least Selective/Lower Scores,0,Coffee and Casual
231,Delta State University,1,Least Selective/Lower Scores,2,Fast Food
232,Denison University,0,Less Selective/Medium Scores,4,Pizza and Dessert
233,DePauw University,0,Less Selective/Medium Scores,4,Pizza and Dessert
234,DeSales University,1,Least Selective/Lower Scores,0,Coffee and Casual
235,DigiPen Institute of Technology,0,Less Selective/Medium Scores,1,Outdoor Attractions
236,Dominican College of Blauvelt,2,Less Selective/Lowest Scores,1,Outdoor Attractions
237,Dominican University,2,Less Selective/Lowest Scores,3,Variety of Cuisines
238,Dominican University of California,1,Least Selective/Lower Scores,3,Variety of Cuisines
239,Dordt College,0,Less Selective/Medium Scores,2,Fast Food
240,Drexel University,0,Less Selective/Medium Scores,0,Coffee and Casual
241,Drury University,0,Less Selective/Medium Scores,1,Outdoor Attractions
242,Duke University,3,Most Selective/Highest Scores,0,Coffee and Casual
243,Duquesne University,0,Less Selective/Medium Scores,0,Coffee and Casual
244,Earlham College,0,Less Selective/Medium Scores,3,Variety of Cuisines
245,East Carolina University,1,Least Selective/Lower Scores,3,Variety of Cuisines
246,East Central University,2,Less Selective/Lowest Scores,4,Pizza and Dessert
247,East Tennessee State University,1,Least Selective/Lower Scores,3,Variety of Cuisines
248,East Texas Baptist University,2,Less Selective/Lowest Scores,4,Pizza and Dessert
249,Eastern Illinois University,2,Less Selective/Lowest Scores,4,Pizza and Dessert
250,Eastern Kentucky University,1,Least Selective/Lower Scores,3,Variety of Cuisines
251,Eastern Mennonite University,1,Least Selective/Lower Scores,1,Outdoor Attractions
252,Eastern Michigan University,1,Least Selective/Lower Scores,1,Outdoor Attractions
253,Eastern Nazarene College,1,Least Selective/Lower Scores,1,Outdoor Attractions
254,Eastern New Mexico University-Main Campus,2,Less Selective/Lowest Scores,3,Variety of Cuisines
255,Eastern Oregon University,2,Less Selective/Lowest Scores,3,Variety of Cuisines
256,Eastern University,1,Least Selective/Lower Scores,0,Coffee and Casual
257,Eastern Washington University,2,Less Selective/Lowest Scores,2,Fast Food
258,Eckerd College,0,Less Selective/Medium Scores,0,Coffee and Casual
259,Edgewood College,1,Least Selective/Lower Scores,1,Outdoor Attractions
260,Edinboro University of Pennsylvania,1,Least Selective/Lower Scores,4,Pizza and Dessert
261,Edward Waters College,2,Less Selective/Lowest Scores,1,Outdoor Attractions
262,Elizabeth City State University,2,Less Selective/Lowest Scores,4,Pizza and Dessert
263,Elizabethtown College,0,Less Selective/Medium Scores,4,Pizza and Dessert
264,Elmhurst College,1,Least Selective/Lower Scores,1,Outdoor Attractions
265,Elon University,0,Less Selective/Medium Scores,3,Variety of Cuisines
266,Emerson College,0,Less Selective/Medium Scores,0,Coffee and Casual
267,Emmanuel College,1,Least Selective/Lower Scores,4,Pizza and Dessert
268,Emmanuel College,0,Less Selective/Medium Scores,4,Pizza and Dessert
269,Emmaus Bible College,0,Less Selective/Medium Scores,1,Outdoor Attractions
270,Emory & Henry College,1,Least Selective/Lower Scores,2,Fast Food
271,Emory University,3,Most Selective/Highest Scores,1,Outdoor Attractions
272,Emory University-Oxford College,3,Most Selective/Highest Scores,3,Variety of Cuisines
273,Emporia State University,1,Least Selective/Lower Scores,2,Fast Food
274,Erskine College,2,Less Selective/Lowest Scores,3,Variety of Cuisines
275,Eureka College,1,Least Selective/Lower Scores,4,Pizza and Dessert
276,Fairmont State University,2,Less Selective/Lowest Scores,4,Pizza and Dessert
277,Faith Baptist Bible College and Theological Seminary,0,Less Selective/Medium Scores,3,Variety of Cuisines
278,Farmingdale State College,1,Least Selective/Lower Scores,3,Variety of Cuisines
279,Faulkner University,1,Least Selective/Lower Scores,3,Variety of Cuisines
280,Fayetteville State University,2,Less Selective/Lowest Scores,0,Coffee and Casual
281,Ferrum College,2,Less Selective/Lowest Scores,4,Pizza and Dessert
282,Finlandia University,2,Less Selective/Lowest Scores,4,Pizza and Dessert
283,Fisk University,2,Less Selective/Lowest Scores,1,Outdoor Attractions
284,Fitchburg State University,1,Least Selective/Lower Scores,1,Outdoor Attractions
285,Flagler College-St Augustine,1,Least Selective/Lower Scores,1,Outdoor Attractions
286,Florida Agricultural and Mechanical University,1,Least Selective/Lower Scores,1,Outdoor Attractions
287,Florida Atlantic University,1,Least Selective/Lower Scores,3,Variety of Cuisines
288,Florida College,2,Less Selective/Lowest Scores,0,Coffee and Casual
289,Florida Gulf Coast University,1,Least Selective/Lower Scores,3,Variety of Cuisines
290,Florida Institute of Technology,0,Less Selective/Medium Scores,3,Variety of Cuisines
291,Florida International University,0,Less Selective/Medium Scores,3,Variety of Cuisines
292,Florida Polytechnic University,0,Less Selective/Medium Scores,4,Pizza and Dessert
293,Florida Southern College,0,Less Selective/Medium Scores,0,Coffee and Casual
294,Florida State University,0,Less Selective/Medium Scores,1,Outdoor Attractions
295,Fontbonne University,1,Least Selective/Lower Scores,0,Coffee and Casual
296,Fordham University,3,Most Selective/Highest Scores,0,Coffee and Casual
297,Fort Lewis College,1,Least Selective/Lower Scores,1,Outdoor Attractions
298,Fort Valley State University,2,Less Selective/Lowest Scores,2,Fast Food
299,Framingham State University,2,Less Selective/Lowest Scores,0,Coffee and Casual
300,Francis Marion University,2,Less Selective/Lowest Scores,4,Pizza and Dessert
301,Franciscan University of Steubenville,0,Less Selective/Medium Scores,4,Pizza and Dessert
302,Franklin College,1,Least Selective/Lower Scores,4,Pizza and Dessert
303,Franklin Pierce University,2,Less Selective/Lowest Scores,4,Pizza and Dessert
304,Franklin W Olin College of Engineering,3,Most Selective/Highest Scores,0,Coffee and Casual
305,Freed-Hardeman University,0,Less Selective/Medium Scores,2,Fast Food
306,Fresno Pacific University,1,Least Selective/Lower Scores,3,Variety of Cuisines
307,Friends University,2,Less Selective/Lowest Scores,1,Outdoor Attractions
308,Frostburg State University,2,Less Selective/Lowest Scores,4,Pizza and Dessert
309,Furman University,3,Most Selective/Highest Scores,3,Variety of Cuisines
310,Gallaudet University,2,Less Selective/Lowest Scores,0,Coffee and Casual
311,Gannon University,1,Least Selective/Lower Scores,1,Outdoor Attractions
312,Gardner-Webb University,1,Least Selective/Lower Scores,2,Fast Food
313,George Fox University,1,Least Selective/Lower Scores,1,Outdoor Attractions
314,George Mason University,0,Less Selective/Medium Scores,1,Outdoor Attractions
315,George Washington University,3,Most Selective/Highest Scores,0,Coffee and Casual
316,Georgetown College,1,Least Selective/Lower Scores,3,Variety of Cuisines
317,Georgetown University,3,Most Selective/Highest Scores,0,Coffee and Casual
318,Georgia College & State University,0,Less Selective/Medium Scores,4,Pizza and Dessert
319,Georgia Institute of Technology-Main Campus,3,Most Selective/Highest Scores,0,Coffee and Casual
320,Georgia Southern University,1,Least Selective/Lower Scores,3,Variety of Cuisines
321,Georgia Southwestern State University,2,Less Selective/Lowest Scores,4,Pizza and Dessert
322,Georgia State University,1,Least Selective/Lower Scores,0,Coffee and Casual
323,Georgian Court University,2,Less Selective/Lowest Scores,3,Variety of Cuisines
324,Gonzaga University,0,Less Selective/Medium Scores,1,Outdoor Attractions
325,Gordon College,0,Less Selective/Medium Scores,0,Coffee and Casual
326,Gordon State College,2,Less Selective/Lowest Scores,2,Fast Food
327,Goshen College,1,Least Selective/Lower Scores,3,Variety of Cuisines
328,Governors State University,2,Less Selective/Lowest Scores,4,Pizza and Dessert
329,Grace College and Theological Seminary,1,Least Selective/Lower Scores,3,Variety of Cuisines
330,Graceland University-Lamoni,2,Less Selective/Lowest Scores,4,Pizza and Dessert
331,Grambling State University,2,Less Selective/Lowest Scores,4,Pizza and Dessert
332,Grand Valley State University,1,Least Selective/Lower Scores,1,Outdoor Attractions
333,Grand View University,2,Less Selective/Lowest Scores,1,Outdoor Attractions
334,Green Mountain College,1,Least Selective/Lower Scores,1,Outdoor Attractions
335,Greensboro College,2,Less Selective/Lowest Scores,1,Outdoor Attractions
336,Greenville University,1,Least Selective/Lower Scores,4,Pizza and Dessert
337,Grinnell College,3,Most Selective/Highest Scores,4,Pizza and Dessert
338,Grove City College,0,Less Selective/Medium Scores,4,Pizza and Dessert
339,Gwynedd Mercy University,2,Less Selective/Lowest Scores,0,Coffee and Casual
340,Hamilton College,3,Most Selective/Highest Scores,4,Pizza and Dessert
341,Hamline University,0,Less Selective/Medium Scores,1,Outdoor Attractions
342,Hampden-Sydney College,1,Least Selective/Lower Scores,2,Fast Food
343,Hanover College,0,Less Selective/Medium Scores,4,Pizza and Dessert
344,Hardin-Simmons University,1,Least Selective/Lower Scores,3,Variety of Cuisines
345,Harding University,0,Less Selective/Medium Scores,2,Fast Food
346,Hartwick College,1,Least Selective/Lower Scores,1,Outdoor Attractions
347,Harvard University,3,Most Selective/Highest Scores,0,Coffee and Casual
348,Harvey Mudd College,3,Most Selective/Highest Scores,3,Variety of Cuisines
349,Haskell Indian Nations University,2,Less Selective/Lowest Scores,1,Outdoor Attractions
350,Hastings College,2,Less Selective/Lowest Scores,4,Pizza and Dessert
351,Haverford College,3,Most Selective/Highest Scores,0,Coffee and Casual
352,Hawaii Pacific University,1,Least Selective/Lower Scores,0,Coffee and Casual
353,Heidelberg University,1,Least Selective/Lower Scores,4,Pizza and Dessert
354,Henderson State University,2,Less Selective/Lowest Scores,2,Fast Food
355,Hendrix College,0,Less Selective/Medium Scores,1,Outdoor Attractions
356,High Point University,1,Least Selective/Lower Scores,3,Variety of Cuisines
357,Hillsdale College,3,Most Selective/Highest Scores,4,Pizza and Dessert
358,Hiram College,1,Least Selective/Lower Scores,4,Pizza and Dessert
359,Hiwassee College,2,Less Selective/Lowest Scores,2,Fast Food
360,Hobart William Smith Colleges,0,Less Selective/Medium Scores,1,Outdoor Attractions
361,Hofstra University,0,Less Selective/Medium Scores,0,Coffee and Casual
362,Hollins University,0,Less Selective/Medium Scores,3,Variety of Cuisines
363,Holy Cross College,0,Less Selective/Medium Scores,1,Outdoor Attractions
364,Holy Family University,2,Less Selective/Lowest Scores,0,Coffee and Casual
365,Holy Names University,2,Less Selective/Lowest Scores,0,Coffee and Casual
366,Hope College,0,Less Selective/Medium Scores,1,Outdoor Attractions
367,Hope International University,2,Less Selective/Lowest Scores,3,Variety of Cuisines
368,Houston Baptist University,1,Least Selective/Lower Scores,0,Coffee and Casual
369,Howard Payne University,2,Less Selective/Lowest Scores,4,Pizza and Dessert
370,Howard University,0,Less Selective/Medium Scores,1,Outdoor Attractions
371,Humboldt State University,1,Least Selective/Lower Scores,0,Coffee and Casual
372,Huntingdon College,1,Least Selective/Lower Scores,1,Outdoor Attractions
373,Huntington University,1,Least Selective/Lower Scores,4,Pizza and Dessert
374,Husson University,1,Least Selective/Lower Scores,1,Outdoor Attractions
375,Huston-Tillotson University,2,Less Selective/Lowest Scores,1,Outdoor Attractions
376,Illinois Institute of Technology,3,Most Selective/Highest Scores,0,Coffee and Casual
377,Illinois State University,1,Least Selective/Lower Scores,3,Variety of Cuisines
378,Illinois Wesleyan University,0,Less Selective/Medium Scores,1,Outdoor Attractions
379,Immaculata University,1,Least Selective/Lower Scores,1,Outdoor Attractions
380,Indiana Institute of Technology,1,Least Selective/Lower Scores,1,Outdoor Attractions
381,Indiana University of Pennsylvania-Main Campus,2,Less Selective/Lowest Scores,1,Outdoor Attractions
382,Indiana University-Bloomington,0,Less Selective/Medium Scores,1,Outdoor Attractions
383,Indiana University-East,2,Less Selective/Lowest Scores,3,Variety of Cuisines
384,Indiana University-Kokomo,2,Less Selective/Lowest Scores,3,Variety of Cuisines
385,Indiana University-Northwest,2,Less Selective/Lowest Scores,4,Pizza and Dessert
386,Indiana University-Purdue University-Indianapolis,1,Least Selective/Lower Scores,1,Outdoor Attractions
387,Indiana University-South Bend,2,Less Selective/Lowest Scores,0,Coffee and Casual
388,Indiana University-Southeast,1,Least Selective/Lower Scores,3,Variety of Cuisines
389,Indiana Wesleyan University-Marion,1,Least Selective/Lower Scores,4,Pizza and Dessert
390,Iona College,1,Least Selective/Lower Scores,1,Outdoor Attractions
391,Iowa Wesleyan University,2,Less Selective/Lowest Scores,2,Fast Food
392,Jackson State University,2,Less Selective/Lowest Scores,1,Outdoor Attractions
393,Jacksonville State University,2,Less Selective/Lowest Scores,2,Fast Food
394,Jacksonville University,1,Least Selective/Lower Scores,1,Outdoor Attractions
395,James Madison University,0,Less Selective/Medium Scores,1,Outdoor Attractions
396,Jefferson College of Health Sciences,2,Less Selective/Lowest Scores,1,Outdoor Attractions
397,Jewish Theological Seminary of America,3,Most Selective/Highest Scores,0,Coffee and Casual
398,John Brown University,0,Less Selective/Medium Scores,4,Pizza and Dessert
399,John Carroll University,0,Less Selective/Medium Scores,0,Coffee and Casual
400,John Paul the Great Catholic University,1,Least Selective/Lower Scores,3,Variety of Cuisines
401,Johns Hopkins University,3,Most Selective/Highest Scores,1,Outdoor Attractions
402,Johnson C Smith University,2,Less Selective/Lowest Scores,0,Coffee and Casual
403,Johnson University,1,Least Selective/Lower Scores,2,Fast Food
404,Johnson University Florida,2,Less Selective/Lowest Scores,0,Coffee and Casual
405,Judson College,1,Least Selective/Lower Scores,2,Fast Food
406,Judson University,1,Least Selective/Lower Scores,0,Coffee and Casual
407,Kansas Wesleyan University,1,Least Selective/Lower Scores,3,Variety of Cuisines
408,Kean University,2,Less Selective/Lowest Scores,0,Coffee and Casual
409,Keene State College,1,Least Selective/Lower Scores,1,Outdoor Attractions
410,Kennesaw State University,0,Less Selective/Medium Scores,3,Variety of Cuisines
411,Kent State University at Kent,1,Least Selective/Lower Scores,1,Outdoor Attractions
412,Kentucky Christian University,2,Less Selective/Lowest Scores,2,Fast Food
413,Kentucky Mountain Bible College,2,Less Selective/Lowest Scores,2,Fast Food
414,Kentucky State University,2,Less Selective/Lowest Scores,4,Pizza and Dessert
415,Kentucky Wesleyan College,1,Least Selective/Lower Scores,3,Variety of Cuisines
416,Kenyon College,3,Most Selective/Highest Scores,4,Pizza and Dessert
417,Kettering College,1,Least Selective/Lower Scores,0,Coffee and Casual
418,Kettering University,0,Less Selective/Medium Scores,1,Outdoor Attractions
419,King University,1,Least Selective/Lower Scores,3,Variety of Cuisines
420,Kutztown University of Pennsylvania,1,Least Selective/Lower Scores,4,Pizza and Dessert
421,Kuyper College,2,Less Selective/Lowest Scores,0,Coffee and Casual
422,La Roche University,2,Less Selective/Lowest Scores,3,Variety of Cuisines
423,La Sierra University,2,Less Selective/Lowest Scores,3,Variety of Cuisines
424,Lafayette College,3,Most Selective/Highest Scores,1,Outdoor Attractions
425,LaGrange College,1,Least Selective/Lower Scores,4,Pizza and Dessert
426,Lake Erie College,2,Less Selective/Lowest Scores,3,Variety of Cuisines
427,Lake Superior State University,1,Least Selective/Lower Scores,3,Variety of Cuisines
428,Lakeland University,2,Less Selective/Lowest Scores,4,Pizza and Dessert
429,Lamar University,2,Less Selective/Lowest Scores,3,Variety of Cuisines
430,Lancaster Bible College,1,Least Selective/Lower Scores,1,Outdoor Attractions
431,Lander University,2,Less Selective/Lowest Scores,4,Pizza and Dessert
432,Lasell College,1,Least Selective/Lower Scores,0,Coffee and Casual
433,Lawrence Technological University,0,Less Selective/Medium Scores,3,Variety of Cuisines
434,Lawrence University,3,Most Selective/Highest Scores,1,Outdoor Attractions
435,Le Moyne College,0,Less Selective/Medium Scores,3,Variety of Cuisines
436,Lebanon Valley College,0,Less Selective/Medium Scores,1,Outdoor Attractions
437,Lee University,1,Least Selective/Lower Scores,3,Variety of Cuisines
438,Lehigh University,3,Most Selective/Highest Scores,0,Coffee and Casual
439,Lesley University,0,Less Selective/Medium Scores,0,Coffee and Casual
440,LeTourneau University,0,Less Selective/Medium Scores,3,Variety of Cuisines
441,Lewis University,1,Least Selective/Lower Scores,3,Variety of Cuisines
442,Lewis-Clark State College,2,Less Selective/Lowest Scores,3,Variety of Cuisines
443,Liberty University,1,Least Selective/Lower Scores,3,Variety of Cuisines
444,Life Pacific College,2,Less Selective/Lowest Scores,3,Variety of Cuisines
445,Life University,2,Less Selective/Lowest Scores,1,Outdoor Attractions
446,LIM College,1,Least Selective/Lower Scores,0,Coffee and Casual
447,Limestone College,2,Less Selective/Lowest Scores,4,Pizza and Dessert
448,Lincoln Christian University,1,Least Selective/Lower Scores,4,Pizza and Dessert
449,Lincoln College,2,Less Selective/Lowest Scores,4,Pizza and Dessert
450,Lincoln Memorial University,1,Least Selective/Lower Scores,2,Fast Food
451,Lincoln University,2,Less Selective/Lowest Scores,4,Pizza and Dessert
452,Lindenwood University,1,Least Selective/Lower Scores,1,Outdoor Attractions
453,Linfield College-McMinnville Campus,1,Least Selective/Lower Scores,1,Outdoor Attractions
454,Lipscomb University,0,Less Selective/Medium Scores,0,Coffee and Casual
455,Livingstone College,2,Less Selective/Lowest Scores,3,Variety of Cuisines
456,Lock Haven University,2,Less Selective/Lowest Scores,4,Pizza and Dessert
457,Long Island University,0,Less Selective/Medium Scores,1,Outdoor Attractions
458,Longwood University,1,Least Selective/Lower Scores,4,Pizza and Dessert
459,Loras College,1,Least Selective/Lower Scores,1,Outdoor Attractions
460,Louisburg College,2,Less Selective/Lowest Scores,2,Fast Food
461,Louisiana College,1,Least Selective/Lower Scores,3,Variety of Cuisines
462,Louisiana State University and Agricultural & Mechanical College,0,Less Selective/Medium Scores,1,Outdoor Attractions
463,Lourdes University,1,Least Selective/Lower Scores,0,Coffee and Casual
464,Loyola Marymount University,0,Less Selective/Medium Scores,0,Coffee and Casual
465,Loyola University New Orleans,1,Least Selective/Lower Scores,0,Coffee and Casual
466,Lubbock Christian University,1,Least Selective/Lower Scores,3,Variety of Cuisines
467,Lycoming College,1,Least Selective/Lower Scores,1,Outdoor Attractions
468,Lynn University,1,Least Selective/Lower Scores,3,Variety of Cuisines
469,Lyon College,1,Least Selective/Lower Scores,2,Fast Food
470,Macalester College,3,Most Selective/Highest Scores,1,Outdoor Attractions
471,MacMurray College,2,Less Selective/Lowest Scores,4,Pizza and Dessert
472,Madonna University,1,Least Selective/Lower Scores,0,Coffee and Casual
473,Maine Maritime Academy,1,Least Selective/Lower Scores,0,Coffee and Casual
474,Malone University,1,Least Selective/Lower Scores,1,Outdoor Attractions
475,Manhattan Christian College,0,Less Selective/Medium Scores,1,Outdoor Attractions
476,Manhattan College,0,Less Selective/Medium Scores,0,Coffee and Casual
477,Mansfield University of Pennsylvania,2,Less Selective/Lowest Scores,4,Pizza and Dessert
478,Maranatha Baptist University,1,Least Selective/Lower Scores,4,Pizza and Dessert
479,Marian University,2,Less Selective/Lowest Scores,1,Outdoor Attractions
480,Marian University,1,Least Selective/Lower Scores,1,Outdoor Attractions
481,Marietta College,1,Least Selective/Lower Scores,4,Pizza and Dessert
482,Marion Military Institute,0,Less Selective/Medium Scores,2,Fast Food
483,Marquette University,0,Less Selective/Medium Scores,1,Outdoor Attractions
484,Mars Hill University,2,Less Selective/Lowest Scores,4,Pizza and Dessert
485,Marshall University,2,Less Selective/Lowest Scores,3,Variety of Cuisines
486,Martin Luther College,1,Least Selective/Lower Scores,4,Pizza and Dessert
487,Martin Methodist College,2,Less Selective/Lowest Scores,2,Fast Food
488,Mary Baldwin University,2,Less Selective/Lowest Scores,3,Variety of Cuisines
489,Maryland Institute College of Art,0,Less Selective/Medium Scores,0,Coffee and Casual
490,Marymount Manhattan College,1,Least Selective/Lower Scores,0,Coffee and Casual
491,Marymount University,1,Least Selective/Lower Scores,1,Outdoor Attractions
492,Maryville College,1,Least Selective/Lower Scores,3,Variety of Cuisines
493,Maryville University of Saint Louis,1,Least Selective/Lower Scores,0,Coffee and Casual
494,Marywood University,1,Least Selective/Lower Scores,1,Outdoor Attractions
495,Massachusetts College of Liberal Arts,1,Least Selective/Lower Scores,4,Pizza and Dessert
496,Massachusetts Institute of Technology,3,Most Selective/Highest Scores,0,Coffee and Casual
497,Massachusetts Maritime Academy,1,Least Selective/Lower Scores,1,Outdoor Attractions
498,McDaniel College,1,Least Selective/Lower Scores,3,Variety of Cuisines
499,McKendree University,0,Less Selective/Medium Scores,4,Pizza and Dessert
500,McMurry University,1,Least Selective/Lower Scores,3,Variety of Cuisines
501,McNeese State University,1,Least Selective/Lower Scores,1,Outdoor Attractions
502,McPherson College,1,Least Selective/Lower Scores,2,Fast Food
503,MCPHS University,1,Least Selective/Lower Scores,0,Coffee and Casual
504,Medaille College,2,Less Selective/Lowest Scores,1,Outdoor Attractions
505,Menlo College,1,Least Selective/Lower Scores,0,Coffee and Casual
506,Mercer University,0,Less Selective/Medium Scores,1,Outdoor Attractions
507,Meredith College,1,Least Selective/Lower Scores,1,Outdoor Attractions
508,Methodist University,1,Least Selective/Lower Scores,3,Variety of Cuisines
509,Metropolitan State University of Denver,2,Less Selective/Lowest Scores,1,Outdoor Attractions
510,Miami University-Oxford,0,Less Selective/Medium Scores,1,Outdoor Attractions
511,Michigan State University,0,Less Selective/Medium Scores,1,Outdoor Attractions
512,Michigan Technological University,0,Less Selective/Medium Scores,4,Pizza and Dessert
513,Mid-Atlantic Christian University,2,Less Selective/Lowest Scores,4,Pizza and Dessert
514,MidAmerica Nazarene University,2,Less Selective/Lowest Scores,3,Variety of Cuisines
515,Middle Georgia State University,2,Less Selective/Lowest Scores,3,Variety of Cuisines
516,Middle Tennessee State University,1,Least Selective/Lower Scores,3,Variety of Cuisines
517,Middlebury College,3,Most Selective/Highest Scores,4,Pizza and Dessert
518,Midland University,2,Less Selective/Lowest Scores,4,Pizza and Dessert
519,Midway University,1,Least Selective/Lower Scores,4,Pizza and Dessert
520,Midwestern Baptist Theological Seminary,2,Less Selective/Lowest Scores,3,Variety of Cuisines
521,Midwestern State University,2,Less Selective/Lowest Scores,3,Variety of Cuisines
522,Milligan College,0,Less Selective/Medium Scores,3,Variety of Cuisines
523,Millikin University,1,Least Selective/Lower Scores,3,Variety of Cuisines
524,Mills College,1,Least Selective/Lower Scores,0,Coffee and Casual
525,Millsaps College,0,Less Selective/Medium Scores,1,Outdoor Attractions
526,Milwaukee School of Engineering,0,Less Selective/Medium Scores,1,Outdoor Attractions
527,Minneapolis College of Art and Design,1,Least Selective/Lower Scores,1,Outdoor Attractions
528,Minnesota State University Moorhead,1,Least Selective/Lower Scores,1,Outdoor Attractions
529,Minot State University,2,Less Selective/Lowest Scores,1,Outdoor Attractions
530,Misericordia University,1,Least Selective/Lower Scores,4,Pizza and Dessert
531,Mississippi College,1,Least Selective/Lower Scores,4,Pizza and Dessert
532,Mississippi State University,0,Less Selective/Medium Scores,3,Variety of Cuisines
533,Mississippi University for Women,2,Less Selective/Lowest Scores,2,Fast Food
534,Missouri Baptist University,2,Less Selective/Lowest Scores,0,Coffee and Casual
535,Missouri State University-Springfield,1,Least Selective/Lower Scores,3,Variety of Cuisines
536,Missouri University of Science and Technology,0,Less Selective/Medium Scores,3,Variety of Cuisines
537,Missouri Valley College,2,Less Selective/Lowest Scores,2,Fast Food
538,Molloy College,1,Least Selective/Lower Scores,1,Outdoor Attractions
539,Monmouth College,1,Least Selective/Lower Scores,4,Pizza and Dessert
540,Monmouth University,1,Least Selective/Lower Scores,1,Outdoor Attractions
541,Montana State University,0,Less Selective/Medium Scores,1,Outdoor Attractions
542,Montana Technological University,1,Least Selective/Lower Scores,4,Pizza and Dessert
543,Montreat College,2,Less Selective/Lowest Scores,1,Outdoor Attractions
544,Moore College of Art and Design,0,Less Selective/Medium Scores,1,Outdoor Attractions
545,Moravian College,1,Least Selective/Lower Scores,0,Coffee and Casual
546,Morehouse College,1,Least Selective/Lower Scores,1,Outdoor Attractions
547,Morgan State University,2,Less Selective/Lowest Scores,1,Outdoor Attractions
548,Mount Saint Mary College,1,Least Selective/Lower Scores,1,Outdoor Attractions
549,Mount Saint Mary's University,2,Less Selective/Lowest Scores,0,Coffee and Casual
550,Mount St. Mary's University,1,Least Selective/Lower Scores,4,Pizza and Dessert
551,Muhlenberg College,0,Less Selective/Medium Scores,0,Coffee and Casual
552,Murray State University,1,Least Selective/Lower Scores,4,Pizza and Dessert
553,Muskingum University,1,Least Selective/Lower Scores,4,Pizza and Dessert
554,Nebraska Christian College of Hope International University,2,Less Selective/Lowest Scores,1,Outdoor Attractions
555,Nebraska Wesleyan University,0,Less Selective/Medium Scores,3,Variety of Cuisines
556,Neumann University,2,Less Selective/Lowest Scores,1,Outdoor Attractions
557,New College of Florida,3,Most Selective/Highest Scores,0,Coffee and Casual
558,New Jersey Institute of Technology,0,Less Selective/Medium Scores,1,Outdoor Attractions
559,New Mexico Institute of Mining and Technology,3,Most Selective/Highest Scores,3,Variety of Cuisines
560,New Mexico Military Institute,2,Less Selective/Lowest Scores,3,Variety of Cuisines
561,New Mexico State University-Main Campus,1,Least Selective/Lower Scores,3,Variety of Cuisines
562,New Saint Andrews College,0,Less Selective/Medium Scores,1,Outdoor Attractions
563,New York Institute of Technology,0,Less Selective/Medium Scores,3,Variety of Cuisines
564,New York School of Interior Design,0,Less Selective/Medium Scores,0,Coffee and Casual
565,New York University,3,Most Selective/Highest Scores,0,Coffee and Casual
566,Newberry College,2,Less Selective/Lowest Scores,2,Fast Food
567,Newman University,1,Least Selective/Lower Scores,1,Outdoor Attractions
568,Niagara University,1,Least Selective/Lower Scores,0,Coffee and Casual
569,Nicholls State University,2,Less Selective/Lowest Scores,4,Pizza and Dessert
570,Norfolk State University,2,Less Selective/Lowest Scores,0,Coffee and Casual
571,North Carolina A & T State University,2,Less Selective/Lowest Scores,1,Outdoor Attractions
572,North Carolina Central University,2,Less Selective/Lowest Scores,1,Outdoor Attractions
573,North Carolina State University at Raleigh,0,Less Selective/Medium Scores,1,Outdoor Attractions
574,North Carolina Wesleyan College,2,Less Selective/Lowest Scores,2,Fast Food
575,North Central College,1,Least Selective/Lower Scores,1,Outdoor Attractions
576,North Central University,1,Least Selective/Lower Scores,0,Coffee and Casual
577,North Dakota State University-Main Campus,0,Less Selective/Medium Scores,1,Outdoor Attractions
578,North Greenville University,0,Less Selective/Medium Scores,0,Coffee and Casual
579,North Park University,1,Least Selective/Lower Scores,1,Outdoor Attractions
580,Northeastern State University,2,Less Selective/Lowest Scores,4,Pizza and Dessert
581,Northeastern University,3,Most Selective/Highest Scores,0,Coffee and Casual
582,Northern Illinois University,1,Least Selective/Lower Scores,3,Variety of Cuisines
583,Northern Kentucky University,1,Least Selective/Lower Scores,3,Variety of Cuisines
584,Northern Michigan University,1,Least Selective/Lower Scores,1,Outdoor Attractions
585,Northern State University,1,Least Selective/Lower Scores,3,Variety of Cuisines
586,Northwest Christian University,1,Least Selective/Lower Scores,1,Outdoor Attractions
587,Northwest Missouri State University,1,Least Selective/Lower Scores,2,Fast Food
588,Northwest Nazarene University,1,Least Selective/Lower Scores,3,Variety of Cuisines
589,Northwest University,1,Least Selective/Lower Scores,0,Coffee and Casual
590,Northwestern College,1,Least Selective/Lower Scores,2,Fast Food
591,Northwestern Oklahoma State University,1,Least Selective/Lower Scores,3,Variety of Cuisines
592,Northwestern State University of Louisiana,1,Least Selective/Lower Scores,4,Pizza and Dessert
593,Northwestern University,3,Most Selective/Highest Scores,1,Outdoor Attractions
594,Northwood University,1,Least Selective/Lower Scores,3,Variety of Cuisines
595,Notre Dame College,2,Less Selective/Lowest Scores,0,Coffee and Casual
596,Notre Dame de Namur University,2,Less Selective/Lowest Scores,0,Coffee and Casual
597,Notre Dame of Maryland University,1,Least Selective/Lower Scores,1,Outdoor Attractions
598,Nova Southeastern University,0,Less Selective/Medium Scores,3,Variety of Cuisines
599,Nyack College,2,Less Selective/Lowest Scores,0,Coffee and Casual
600,Oak Hills Christian College,2,Less Selective/Lowest Scores,1,Outdoor Attractions
601,Oakland City University,2,Less Selective/Lowest Scores,4,Pizza and Dessert
602,Oakland University,1,Least Selective/Lower Scores,0,Coffee and Casual
603,Oakwood University,2,Less Selective/Lowest Scores,3,Variety of Cuisines
604,Oberlin College,3,Most Selective/Highest Scores,4,Pizza and Dessert
605,Occidental College,3,Most Selective/Highest Scores,1,Outdoor Attractions
606,Oglethorpe University,0,Less Selective/Medium Scores,3,Variety of Cuisines
607,Ohio Dominican University,2,Less Selective/Lowest Scores,1,Outdoor Attractions
608,Ohio Northern University,0,Less Selective/Medium Scores,4,Pizza and Dessert
609,Ohio State University-Main Campus,3,Most Selective/Highest Scores,1,Outdoor Attractions
610,Ohio University-Main Campus,0,Less Selective/Medium Scores,1,Outdoor Attractions
611,Ohio Valley University,1,Least Selective/Lower Scores,3,Variety of Cuisines
612,Oklahoma Baptist University,1,Least Selective/Lower Scores,3,Variety of Cuisines
613,Oklahoma Christian University,0,Less Selective/Medium Scores,3,Variety of Cuisines
614,Oklahoma City University,0,Less Selective/Medium Scores,1,Outdoor Attractions
615,Oklahoma State University-Main Campus,0,Less Selective/Medium Scores,3,Variety of Cuisines
616,Oklahoma Wesleyan University,2,Less Selective/Lowest Scores,3,Variety of Cuisines
617,Old Dominion University,1,Least Selective/Lower Scores,1,Outdoor Attractions
618,Olivet College,2,Less Selective/Lowest Scores,4,Pizza and Dessert
619,Olivet Nazarene University,1,Least Selective/Lower Scores,1,Outdoor Attractions
620,Oral Roberts University,1,Least Selective/Lower Scores,3,Variety of Cuisines
621,Oregon Institute of Technology,1,Least Selective/Lower Scores,1,Outdoor Attractions
622,Oregon State University,0,Less Selective/Medium Scores,1,Outdoor Attractions
623,Oregon State University-Cascades Campus,1,Least Selective/Lower Scores,1,Outdoor Attractions
624,Otis College of Art and Design,0,Less Selective/Medium Scores,3,Variety of Cuisines
625,Ottawa University-Ottawa,2,Less Selective/Lowest Scores,2,Fast Food
626,Ottawa University-Surprise,2,Less Selective/Lowest Scores,3,Variety of Cuisines
627,Otterbein University,0,Less Selective/Medium Scores,3,Variety of Cuisines
628,Ouachita Baptist University,1,Least Selective/Lower Scores,2,Fast Food
629,Our Lady of the Lake University,2,Less Selective/Lowest Scores,3,Variety of Cuisines
630,Ozark Christian College,1,Least Selective/Lower Scores,3,Variety of Cuisines
631,Pace University,1,Least Selective/Lower Scores,0,Coffee and Casual
632,Pacific Lutheran University,0,Less Selective/Medium Scores,3,Variety of Cuisines
633,Pacific Union College,1,Least Selective/Lower Scores,0,Coffee and Casual
634,Pacific University,1,Least Selective/Lower Scores,1,Outdoor Attractions
635,Paine College,2,Less Selective/Lowest Scores,0,Coffee and Casual
636,Palm Beach Atlantic University,1,Least Selective/Lower Scores,0,Coffee and Casual
637,Pennsylvania State University-Main Campus,0,Less Selective/Medium Scores,1,Outdoor Attractions
638,Pennsylvania State University-Penn State Altoona,1,Least Selective/Lower Scores,4,Pizza and Dessert
639,Pennsylvania State University-Penn State Beaver,1,Least Selective/Lower Scores,1,Outdoor Attractions
640,Pennsylvania State University-Penn State Berks,1,Least Selective/Lower Scores,3,Variety of Cuisines
641,Pennsylvania State University-Penn State Brandywine,1,Least Selective/Lower Scores,0,Coffee and Casual
642,Pennsylvania State University-Penn State DuBois,1,Least Selective/Lower Scores,4,Pizza and Dessert
643,Pennsylvania State University-Penn State Erie-Behrend College,0,Less Selective/Medium Scores,4,Pizza and Dessert
644,Pennsylvania State University-Penn State Fayette- Eberly,1,Least Selective/Lower Scores,4,Pizza and Dessert
645,Pennsylvania State University-Penn State Greater Allegheny,1,Least Selective/Lower Scores,4,Pizza and Dessert
646,Pennsylvania State University-Penn State Harrisburg,0,Less Selective/Medium Scores,1,Outdoor Attractions
647,Pennsylvania State University-Penn State Hazleton,1,Least Selective/Lower Scores,4,Pizza and Dessert
648,Pennsylvania State University-Penn State Lehigh Valley,1,Least Selective/Lower Scores,0,Coffee and Casual
649,Pennsylvania State University-Penn State Mont Alto,1,Least Selective/Lower Scores,4,Pizza and Dessert
650,Pennsylvania State University-Penn State New Kensington,1,Least Selective/Lower Scores,4,Pizza and Dessert
651,Pennsylvania State University-Penn State Scranton,1,Least Selective/Lower Scores,1,Outdoor Attractions
652,Pennsylvania State University-Penn State Shenango,2,Less Selective/Lowest Scores,4,Pizza and Dessert
653,Pennsylvania State University-Penn State Wilkes-Barre,1,Least Selective/Lower Scores,4,Pizza and Dessert
654,Pennsylvania State University-Penn State York,0,Less Selective/Medium Scores,1,Outdoor Attractions
655,Pennsylvania State University-World Campus,0,Less Selective/Medium Scores,0,Coffee and Casual
656,Pfeiffer University,2,Less Selective/Lowest Scores,2,Fast Food
657,Piedmont International University,2,Less Selective/Lowest Scores,1,Outdoor Attractions
658,Point Loma Nazarene University,0,Less Selective/Medium Scores,1,Outdoor Attractions
659,Point Park University,1,Least Selective/Lower Scores,1,Outdoor Attractions
660,Point University,2,Less Selective/Lowest Scores,2,Fast Food
661,Pomona College,3,Most Selective/Highest Scores,3,Variety of Cuisines
662,Portland State University,1,Least Selective/Lower Scores,0,Coffee and Casual
663,Prairie View A & M University,2,Less Selective/Lowest Scores,2,Fast Food
664,Pratt Institute-Main,0,Less Selective/Medium Scores,0,Coffee and Casual
665,Presbyterian College,1,Least Selective/Lower Scores,2,Fast Food
666,Presentation College,2,Less Selective/Lowest Scores,3,Variety of Cuisines
667,Princeton University,3,Most Selective/Highest Scores,1,Outdoor Attractions
668,Principia College,0,Less Selective/Medium Scores,0,Coffee and Casual
669,Purdue University Fort Wayne,1,Least Selective/Lower Scores,3,Variety of Cuisines
670,Purdue University Northwest,2,Less Selective/Lowest Scores,3,Variety of Cuisines
671,Purdue University-Main Campus,3,Most Selective/Highest Scores,1,Outdoor Attractions
672,Queens University of Charlotte,1,Least Selective/Lower Scores,0,Coffee and Casual
673,Quincy University,1,Least Selective/Lower Scores,4,Pizza and Dessert
674,Quinnipiac University,0,Less Selective/Medium Scores,1,Outdoor Attractions
675,Ramapo College of New Jersey,1,Least Selective/Lower Scores,1,Outdoor Attractions
676,Randall University,2,Less Selective/Lowest Scores,3,Variety of Cuisines
677,Randolph College,1,Least Selective/Lower Scores,3,Variety of Cuisines
678,Randolph-Macon College,1,Least Selective/Lower Scores,4,Pizza and Dessert
679,Reed College,3,Most Selective/Highest Scores,1,Outdoor Attractions
680,Regent University,2,Less Selective/Lowest Scores,3,Variety of Cuisines
681,Regis University,1,Least Selective/Lower Scores,1,Outdoor Attractions
682,Reinhardt University,1,Least Selective/Lower Scores,4,Pizza and Dessert
683,Rensselaer Polytechnic Institute,3,Most Selective/Highest Scores,1,Outdoor Attractions
684,Rhode Island College,2,Less Selective/Lowest Scores,0,Coffee and Casual
685,Rhode Island School of Design,3,Most Selective/Highest Scores,1,Outdoor Attractions
686,Rhodes College,3,Most Selective/Highest Scores,1,Outdoor Attractions
687,Rice University,3,Most Selective/Highest Scores,0,Coffee and Casual
688,Rider University,1,Least Selective/Lower Scores,0,Coffee and Casual
689,Ripon College,1,Least Selective/Lower Scores,4,Pizza and Dessert
690,Roanoke College,1,Least Selective/Lower Scores,3,Variety of Cuisines
691,Robert Morris University,1,Least Selective/Lower Scores,0,Coffee and Casual
692,Roberts Wesleyan College,1,Least Selective/Lower Scores,1,Outdoor Attractions
693,Rochester College,2,Less Selective/Lowest Scores,0,Coffee and Casual
694,Rochester Institute of Technology,3,Most Selective/Highest Scores,0,Coffee and Casual
695,Rockford University,1,Least Selective/Lower Scores,3,Variety of Cuisines
696,Rockhurst University,1,Least Selective/Lower Scores,1,Outdoor Attractions
697,Rocky Mountain College,1,Least Selective/Lower Scores,1,Outdoor Attractions
698,Roosevelt University,1,Least Selective/Lower Scores,0,Coffee and Casual
699,Rose-Hulman Institute of Technology,3,Most Selective/Highest Scores,3,Variety of Cuisines
700,Rosemont College,1,Least Selective/Lower Scores,1,Outdoor Attractions
701,Rowan University,1,Least Selective/Lower Scores,0,Coffee and Casual
702,Rutgers University-Camden,1,Least Selective/Lower Scores,0,Coffee and Casual
703,Rutgers University-New Brunswick,3,Most Selective/Highest Scores,0,Coffee and Casual
704,Rutgers University-Newark,1,Least Selective/Lower Scores,1,Outdoor Attractions
705,Saginaw Valley State University,1,Least Selective/Lower Scores,3,Variety of Cuisines
706,Saint Ambrose University,1,Least Selective/Lower Scores,1,Outdoor Attractions
707,Saint Anselm College,0,Less Selective/Medium Scores,0,Coffee and Casual
708,Saint Augustine's University,2,Less Selective/Lowest Scores,1,Outdoor Attractions
709,Saint Cloud State University,1,Least Selective/Lower Scores,1,Outdoor Attractions
710,Saint Edward's University,0,Less Selective/Medium Scores,1,Outdoor Attractions
711,Saint Elizabeth School of Nursing,2,Less Selective/Lowest Scores,1,Outdoor Attractions
712,Saint Francis University,1,Least Selective/Lower Scores,4,Pizza and Dessert
713,Saint John Fisher College,1,Least Selective/Lower Scores,0,Coffee and Casual
714,Saint Johns University,0,Less Selective/Medium Scores,4,Pizza and Dessert
715,Saint Joseph's College of Maine,1,Least Selective/Lower Scores,4,Pizza and Dessert
716,Saint Joseph's University,0,Less Selective/Medium Scores,0,Coffee and Casual
717,Saint Leo University,1,Least Selective/Lower Scores,4,Pizza and Dessert
718,Saint Louis Christian College,1,Least Selective/Lower Scores,3,Variety of Cuisines
719,Saint Louis University,0,Less Selective/Medium Scores,1,Outdoor Attractions
720,Saint Martin's University,1,Least Selective/Lower Scores,1,Outdoor Attractions
721,Saint Mary's College,0,Less Selective/Medium Scores,0,Coffee and Casual
722,Saint Mary's College of California,1,Least Selective/Lower Scores,0,Coffee and Casual
723,Saint Mary's University of Minnesota,1,Least Selective/Lower Scores,1,Outdoor Attractions
724,Saint Mary-of-the-Woods College,2,Less Selective/Lowest Scores,4,Pizza and Dessert
725,Saint Norbert College,1,Least Selective/Lower Scores,1,Outdoor Attractions
726,Saint Peter's University,2,Less Selective/Lowest Scores,0,Coffee and Casual
727,Saint Vincent College,1,Least Selective/Lower Scores,4,Pizza and Dessert
728,Saint Xavier University,2,Less Selective/Lowest Scores,3,Variety of Cuisines
729,Salem College,0,Less Selective/Medium Scores,1,Outdoor Attractions
730,Salem State University,1,Least Selective/Lower Scores,0,Coffee and Casual
731,Sam Houston State University,1,Least Selective/Lower Scores,3,Variety of Cuisines
732,Samford University,0,Less Selective/Medium Scores,0,Coffee and Casual
733,San Diego Christian College,2,Less Selective/Lowest Scores,3,Variety of Cuisines
734,San Diego State University,0,Less Selective/Medium Scores,3,Variety of Cuisines
735,San Francisco State University,1,Least Selective/Lower Scores,0,Coffee and Casual
736,San Jose State University,0,Less Selective/Medium Scores,1,Outdoor Attractions
737,Santa Clara University,3,Most Selective/Highest Scores,3,Variety of Cuisines
738,Sarah Lawrence College,3,Most Selective/Highest Scores,1,Outdoor Attractions
739,Savannah College of Art and Design,1,Least Selective/Lower Scores,0,Coffee and Casual
740,Savannah State University,0,Less Selective/Medium Scores,0,Coffee and Casual
741,School of the Art Institute of Chicago,0,Less Selective/Medium Scores,0,Coffee and Casual
742,School of Visual Arts,0,Less Selective/Medium Scores,0,Coffee and Casual
743,Schreiner University,2,Less Selective/Lowest Scores,3,Variety of Cuisines
744,Scripps College,3,Most Selective/Highest Scores,3,Variety of Cuisines
745,Seattle Pacific University,1,Least Selective/Lower Scores,1,Outdoor Attractions
746,Seattle University,0,Less Selective/Medium Scores,0,Coffee and Casual
747,Seton Hall University,0,Less Selective/Medium Scores,0,Coffee and Casual
748,Shenandoah University,1,Least Selective/Lower Scores,1,Outdoor Attractions
749,Shepherd University,1,Least Selective/Lower Scores,0,Coffee and Casual
750,Shippensburg University of Pennsylvania,1,Least Selective/Lower Scores,4,Pizza and Dessert
751,Shorter University,2,Less Selective/Lowest Scores,3,Variety of Cuisines
752,Sierra Nevada College,1,Least Selective/Lower Scores,1,Outdoor Attractions
753,Silver Lake College of the Holy Family,1,Least Selective/Lower Scores,4,Pizza and Dessert
754,Simmons University,0,Less Selective/Medium Scores,0,Coffee and Casual
755,Simpson College,1,Least Selective/Lower Scores,4,Pizza and Dessert
756,Simpson University,1,Least Selective/Lower Scores,3,Variety of Cuisines
757,Skidmore College,3,Most Selective/Highest Scores,1,Outdoor Attractions
758,Slippery Rock University of Pennsylvania,1,Least Selective/Lower Scores,4,Pizza and Dessert
759,Soka University of America,3,Most Selective/Highest Scores,0,Coffee and Casual
760,Sonoma State University,1,Least Selective/Lower Scores,3,Variety of Cuisines
761,South Carolina State University,2,Less Selective/Lowest Scores,4,Pizza and Dessert
762,South Dakota School of Mines and Technology,0,Less Selective/Medium Scores,1,Outdoor Attractions
763,South Dakota State University,0,Less Selective/Medium Scores,1,Outdoor Attractions
764,Southeast Missouri State University,1,Least Selective/Lower Scores,3,Variety of Cuisines
765,Southeastern University,1,Least Selective/Lower Scores,1,Outdoor Attractions
766,Southern Arkansas University Main Campus,1,Least Selective/Lower Scores,2,Fast Food
767,Southern Connecticut State University,2,Less Selective/Lowest Scores,1,Outdoor Attractions
768,Southern Illinois University-Carbondale,1,Least Selective/Lower Scores,1,Outdoor Attractions
769,Southern Illinois University-Edwardsville,1,Least Selective/Lower Scores,3,Variety of Cuisines
770,Southern Methodist University,3,Most Selective/Highest Scores,0,Coffee and Casual
771,Southern Oregon University,1,Least Selective/Lower Scores,1,Outdoor Attractions
772,Southern University and A & M College,2,Less Selective/Lowest Scores,4,Pizza and Dessert
773,Southern Utah University,1,Least Selective/Lower Scores,3,Variety of Cuisines
774,Southern Virginia University,1,Least Selective/Lower Scores,2,Fast Food
775,Southern Wesleyan University,1,Least Selective/Lower Scores,3,Variety of Cuisines
776,Southwest Baptist University,1,Least Selective/Lower Scores,2,Fast Food
777,Southwest Minnesota State University,2,Less Selective/Lowest Scores,4,Pizza and Dessert
778,Southwestern Adventist University,2,Less Selective/Lowest Scores,2,Fast Food
779,Southwestern Assemblies of God University,2,Less Selective/Lowest Scores,3,Variety of Cuisines
780,Southwestern Christian University,2,Less Selective/Lowest Scores,3,Variety of Cuisines
781,Southwestern College,2,Less Selective/Lowest Scores,3,Variety of Cuisines
782,Southwestern University,0,Less Selective/Medium Scores,3,Variety of Cuisines
783,Spartanburg Methodist College,2,Less Selective/Lowest Scores,3,Variety of Cuisines
784,Spelman College,1,Least Selective/Lower Scores,1,Outdoor Attractions
785,Spring Arbor University,1,Least Selective/Lower Scores,4,Pizza and Dessert
786,Spring Hill College,1,Least Selective/Lower Scores,3,Variety of Cuisines
787,Springfield College,1,Least Selective/Lower Scores,0,Coffee and Casual
788,St Bonaventure University,1,Least Selective/Lower Scores,4,Pizza and Dessert
789,St Catherine University,1,Least Selective/Lower Scores,0,Coffee and Casual
790,St John's University-New York,0,Less Selective/Medium Scores,0,Coffee and Casual
791,St Lawrence University,0,Less Selective/Medium Scores,4,Pizza and Dessert
792,St Olaf College,3,Most Selective/Highest Scores,1,Outdoor Attractions
793,St. Andrews University,1,Least Selective/Lower Scores,2,Fast Food
794,St. John's College,3,Most Selective/Highest Scores,1,Outdoor Attractions
795,St. John's College,3,Most Selective/Highest Scores,1,Outdoor Attractions
796,St. Joseph's College-Long Island,1,Least Selective/Lower Scores,1,Outdoor Attractions
797,St. Joseph's College-New York,1,Least Selective/Lower Scores,0,Coffee and Casual
798,St. Louis College of Pharmacy,0,Less Selective/Medium Scores,0,Coffee and Casual
799,St. Mary's College of Maryland,0,Less Selective/Medium Scores,0,Coffee and Casual
800,St. Mary's University,1,Least Selective/Lower Scores,3,Variety of Cuisines
801,St. Thomas Aquinas College,2,Less Selective/Lowest Scores,1,Outdoor Attractions
802,St. Thomas University,2,Less Selective/Lowest Scores,0,Coffee and Casual
803,Stanford University,3,Most Selective/Highest Scores,0,Coffee and Casual
804,State University of New York at New Paltz,0,Less Selective/Medium Scores,1,Outdoor Attractions
805,Stephen F Austin State University,1,Least Selective/Lower Scores,3,Variety of Cuisines
806,Stephens College,1,Least Selective/Lower Scores,1,Outdoor Attractions
807,Sterling College,2,Less Selective/Lowest Scores,2,Fast Food
808,Stevens Institute of Technology,3,Most Selective/Highest Scores,0,Coffee and Casual
809,Stevenson University,1,Least Selective/Lower Scores,0,Coffee and Casual
810,Stockton University,1,Least Selective/Lower Scores,1,Outdoor Attractions
811,Stony Brook University,3,Most Selective/Highest Scores,3,Variety of Cuisines
812,Suffolk University,1,Least Selective/Lower Scores,0,Coffee and Casual
813,SUNY at Albany,0,Less Selective/Medium Scores,0,Coffee and Casual
814,SUNY at Fredonia,1,Least Selective/Lower Scores,4,Pizza and Dessert
815,SUNY at Purchase College,0,Less Selective/Medium Scores,0,Coffee and Casual
816,SUNY College at Brockport,1,Least Selective/Lower Scores,4,Pizza and Dessert
817,SUNY College at Geneseo,0,Less Selective/Medium Scores,4,Pizza and Dessert
818,SUNY College at Oswego,1,Least Selective/Lower Scores,1,Outdoor Attractions
819,SUNY College at Plattsburgh,1,Least Selective/Lower Scores,1,Outdoor Attractions
820,SUNY College of Environmental Science and Forestry,0,Less Selective/Medium Scores,1,Outdoor Attractions
821,SUNY College of Technology at Alfred,1,Least Selective/Lower Scores,4,Pizza and Dessert
822,SUNY College of Technology at Canton,2,Less Selective/Lowest Scores,4,Pizza and Dessert
823,SUNY College of Technology at Delhi,2,Less Selective/Lowest Scores,4,Pizza and Dessert
824,SUNY Cortland,1,Least Selective/Lower Scores,1,Outdoor Attractions
825,SUNY Maritime College,0,Less Selective/Medium Scores,0,Coffee and Casual
826,SUNY Morrisville,2,Less Selective/Lowest Scores,4,Pizza and Dessert
827,SUNY Oneonta,1,Least Selective/Lower Scores,1,Outdoor Attractions
828,SUNY Polytechnic Institute,0,Less Selective/Medium Scores,1,Outdoor Attractions
829,Swarthmore College,3,Most Selective/Highest Scores,1,Outdoor Attractions
830,Sweet Briar College,1,Least Selective/Lower Scores,4,Pizza and Dessert
831,Syracuse University,0,Less Selective/Medium Scores,1,Outdoor Attractions
832,Tabor College,2,Less Selective/Lowest Scores,2,Fast Food
833,Tarleton State University,2,Less Selective/Lowest Scores,4,Pizza and Dessert
834,Taylor University,0,Less Selective/Medium Scores,4,Pizza and Dessert
835,Tennessee Technological University,0,Less Selective/Medium Scores,3,Variety of Cuisines
836,Tennessee Wesleyan University,1,Least Selective/Lower Scores,4,Pizza and Dessert
837,Texas A & M International University,2,Less Selective/Lowest Scores,3,Variety of Cuisines
838,Texas A & M University-College Station,0,Less Selective/Medium Scores,3,Variety of Cuisines
839,Texas A & M University-Commerce,2,Less Selective/Lowest Scores,4,Pizza and Dessert
840,Texas A & M University-Corpus Christi,1,Least Selective/Lower Scores,3,Variety of Cuisines
841,Texas A & M University-Kingsville,2,Less Selective/Lowest Scores,4,Pizza and Dessert
842,Texas A&M University-San Antonio,2,Less Selective/Lowest Scores,3,Variety of Cuisines
843,Texas A&M University-Texarkana,2,Less Selective/Lowest Scores,3,Variety of Cuisines
844,Texas Christian University,0,Less Selective/Medium Scores,3,Variety of Cuisines
845,Texas Lutheran University,1,Least Selective/Lower Scores,3,Variety of Cuisines
846,Texas Southern University,2,Less Selective/Lowest Scores,1,Outdoor Attractions
847,Texas State University,1,Least Selective/Lower Scores,3,Variety of Cuisines
848,Texas Tech University,1,Least Selective/Lower Scores,3,Variety of Cuisines
849,Texas Wesleyan University,2,Less Selective/Lowest Scores,1,Outdoor Attractions
850,Texas Woman's University,1,Least Selective/Lower Scores,1,Outdoor Attractions
851,The Baptist College of Florida,2,Less Selective/Lowest Scores,2,Fast Food
852,The Christ College of Nursing and Health Sciences,2,Less Selective/Lowest Scores,1,Outdoor Attractions
853,The College of New Jersey,0,Less Selective/Medium Scores,1,Outdoor Attractions
854,The College of New Rochelle,2,Less Selective/Lowest Scores,0,Coffee and Casual
855,The College of Saint Scholastica,0,Less Selective/Medium Scores,0,Coffee and Casual
856,The College of Wooster,0,Less Selective/Medium Scores,1,Outdoor Attractions
857,The King's College,0,Less Selective/Medium Scores,0,Coffee and Casual
858,The King's University,2,Less Selective/Lowest Scores,3,Variety of Cuisines
859,The New School,0,Less Selective/Medium Scores,0,Coffee and Casual
860,The Southern Baptist Theological Seminary,1,Least Selective/Lower Scores,0,Coffee and Casual
861,The University of Alabama,0,Less Selective/Medium Scores,1,Outdoor Attractions
862,The University of Findlay,1,Least Selective/Lower Scores,1,Outdoor Attractions
863,The University of Montana,0,Less Selective/Medium Scores,1,Outdoor Attractions
864,The University of Montana-Western,2,Less Selective/Lowest Scores,3,Variety of Cuisines
865,The University of Tampa,1,Least Selective/Lower Scores,1,Outdoor Attractions
866,The University of Tennessee-Chattanooga,1,Least Selective/Lower Scores,1,Outdoor Attractions
867,The University of Tennessee-Knoxville,0,Less Selective/Medium Scores,1,Outdoor Attractions
868,The University of Texas at Arlington,0,Less Selective/Medium Scores,1,Outdoor Attractions
869,The University of Texas at Austin,3,Most Selective/Highest Scores,0,Coffee and Casual
870,The University of Texas at Dallas,3,Most Selective/Highest Scores,3,Variety of Cuisines
871,The University of Texas at El Paso,2,Less Selective/Lowest Scores,1,Outdoor Attractions
872,The University of Texas at San Antonio,1,Least Selective/Lower Scores,3,Variety of Cuisines
873,The University of Texas at Tyler,0,Less Selective/Medium Scores,3,Variety of Cuisines
874,The University of Texas of the Permian Basin,2,Less Selective/Lowest Scores,3,Variety of Cuisines
875,The University of Texas Rio Grande Valley,2,Less Selective/Lowest Scores,3,Variety of Cuisines
876,The University of Virginia's College at Wise,2,Less Selective/Lowest Scores,2,Fast Food
877,The University of West Florida,1,Least Selective/Lower Scores,3,Variety of Cuisines
878,Thiel College,2,Less Selective/Lowest Scores,2,Fast Food
879,Thomas Aquinas College,0,Less Selective/Medium Scores,0,Coffee and Casual
880,Thomas Jefferson University,1,Least Selective/Lower Scores,1,Outdoor Attractions
881,Thomas More College,2,Less Selective/Lowest Scores,3,Variety of Cuisines
882,Toccoa Falls College,1,Least Selective/Lower Scores,2,Fast Food
883,Tougaloo College,2,Less Selective/Lowest Scores,3,Variety of Cuisines
884,Towson University,1,Least Selective/Lower Scores,3,Variety of Cuisines
885,Transylvania University,0,Less Selective/Medium Scores,1,Outdoor Attractions
886,Trevecca Nazarene University,1,Least Selective/Lower Scores,1,Outdoor Attractions
887,Trine University,1,Least Selective/Lower Scores,4,Pizza and Dessert
888,Trinity Baptist College,2,Less Selective/Lowest Scores,4,Pizza and Dessert
889,Trinity Bible College and Graduate School,1,Least Selective/Lower Scores,0,Coffee and Casual
890,Trinity Christian College,1,Least Selective/Lower Scores,3,Variety of Cuisines
891,Trinity College,3,Most Selective/Highest Scores,0,Coffee and Casual
892,Trinity College of Florida,1,Least Selective/Lower Scores,1,Outdoor Attractions
893,Trinity University,3,Most Selective/Highest Scores,1,Outdoor Attractions
894,Troy University,1,Least Selective/Lower Scores,4,Pizza and Dessert
895,Truett McConnell University,1,Least Selective/Lower Scores,4,Pizza and Dessert
896,Truman State University,0,Less Selective/Medium Scores,2,Fast Food
897,Tufts University,3,Most Selective/Highest Scores,0,Coffee and Casual
898,Tulane University of Louisiana,3,Most Selective/Highest Scores,0,Coffee and Casual
899,Tusculum University,2,Less Selective/Lowest Scores,4,Pizza and Dessert
900,Tuskegee University,2,Less Selective/Lowest Scores,2,Fast Food
901,Union College,2,Less Selective/Lowest Scores,2,Fast Food
902,Union College,2,Less Selective/Lowest Scores,2,Fast Food
903,Union University,0,Less Selective/Medium Scores,3,Variety of Cuisines
904,United States Air Force Academy,3,Most Selective/Highest Scores,3,Variety of Cuisines
905,United States Coast Guard Academy,3,Most Selective/Highest Scores,1,Outdoor Attractions
906,United States Merchant Marine Academy,0,Less Selective/Medium Scores,0,Coffee and Casual
907,United States Military Academy,0,Less Selective/Medium Scores,0,Coffee and Casual
908,United States Naval Academy,0,Less Selective/Medium Scores,1,Outdoor Attractions
909,University at Buffalo,0,Less Selective/Medium Scores,0,Coffee and Casual
910,University of Akron Main Campus,1,Least Selective/Lower Scores,1,Outdoor Attractions
911,University of Alabama at Birmingham,1,Least Selective/Lower Scores,1,Outdoor Attractions
912,University of Alabama in Huntsville,0,Less Selective/Medium Scores,3,Variety of Cuisines
913,University of Alaska Fairbanks,0,Less Selective/Medium Scores,1,Outdoor Attractions
914,University of Arizona,0,Less Selective/Medium Scores,1,Outdoor Attractions
915,University of Arkansas,0,Less Selective/Medium Scores,1,Outdoor Attractions
916,University of Arkansas at Little Rock,1,Least Selective/Lower Scores,3,Variety of Cuisines
917,University of Arkansas at Pine Bluff,2,Less Selective/Lowest Scores,2,Fast Food
918,University of Baltimore,2,Less Selective/Lowest Scores,0,Coffee and Casual
919,University of Bridgeport,2,Less Selective/Lowest Scores,0,Coffee and Casual
920,University of California-Berkeley,3,Most Selective/Highest Scores,0,Coffee and Casual
921,University of California-Davis,3,Most Selective/Highest Scores,1,Outdoor Attractions
922,University of California-Irvine,3,Most Selective/Highest Scores,0,Coffee and Casual
923,University of California-Los Angeles,3,Most Selective/Highest Scores,0,Coffee and Casual
924,University of California-Merced,1,Least Selective/Lower Scores,3,Variety of Cuisines
925,University of California-Riverside,0,Less Selective/Medium Scores,3,Variety of Cuisines
926,University of California-San Diego,3,Most Selective/Highest Scores,0,Coffee and Casual
927,University of California-Santa Barbara,3,Most Selective/Highest Scores,3,Variety of Cuisines
928,University of California-Santa Cruz,3,Most Selective/Highest Scores,1,Outdoor Attractions
929,University of Central Arkansas,1,Least Selective/Lower Scores,1,Outdoor Attractions
930,University of Central Florida,0,Less Selective/Medium Scores,3,Variety of Cuisines
931,University of Charleston,1,Least Selective/Lower Scores,0,Coffee and Casual
932,University of Chicago,3,Most Selective/Highest Scores,0,Coffee and Casual
933,University of Cincinnati-Main Campus,0,Less Selective/Medium Scores,1,Outdoor Attractions
934,University of Colorado Boulder,0,Less Selective/Medium Scores,0,Coffee and Casual
935,University of Colorado Colorado Springs,1,Least Selective/Lower Scores,3,Variety of Cuisines
936,University of Colorado Denver/Anschutz Medical Campus,1,Least Selective/Lower Scores,3,Variety of Cuisines
937,University of Connecticut,3,Most Selective/Highest Scores,4,Pizza and Dessert
938,University of Connecticut-Avery Point,1,Least Selective/Lower Scores,1,Outdoor Attractions
939,University of Connecticut-Hartford Campus,1,Least Selective/Lower Scores,0,Coffee and Casual
940,University of Connecticut-Stamford,1,Least Selective/Lower Scores,0,Coffee and Casual
941,University of Dallas,0,Less Selective/Medium Scores,3,Variety of Cuisines
942,University of Dayton,0,Less Selective/Medium Scores,1,Outdoor Attractions
943,University of Delaware,0,Less Selective/Medium Scores,1,Outdoor Attractions
944,University of Denver,0,Less Selective/Medium Scores,1,Outdoor Attractions
945,University of Dubuque,2,Less Selective/Lowest Scores,1,Outdoor Attractions
946,University of Evansville,0,Less Selective/Medium Scores,1,Outdoor Attractions
947,University of Florida,3,Most Selective/Highest Scores,1,Outdoor Attractions
948,University of Florida-Online,0,Less Selective/Medium Scores,1,Outdoor Attractions
949,University of Georgia,3,Most Selective/Highest Scores,1,Outdoor Attractions
950,University of Hartford,1,Least Selective/Lower Scores,1,Outdoor Attractions
951,University of Hawaii at Hilo,1,Least Selective/Lower Scores,0,Coffee and Casual
952,University of Hawaii at Manoa,1,Least Selective/Lower Scores,0,Coffee and Casual
953,University of Hawaii-West Oahu,2,Less Selective/Lowest Scores,1,Outdoor Attractions
954,University of Houston,0,Less Selective/Medium Scores,0,Coffee and Casual
955,University of Houston-Clear Lake,1,Least Selective/Lower Scores,0,Coffee and Casual
956,University of Houston-Downtown,2,Less Selective/Lowest Scores,1,Outdoor Attractions
957,University of Idaho,1,Least Selective/Lower Scores,1,Outdoor Attractions
958,University of Illinois at Chicago,1,Least Selective/Lower Scores,0,Coffee and Casual
959,University of Illinois at Springfield,1,Least Selective/Lower Scores,0,Coffee and Casual
960,University of Illinois at Urbana-Champaign,3,Most Selective/Highest Scores,1,Outdoor Attractions
961,University of Indianapolis,1,Least Selective/Lower Scores,1,Outdoor Attractions
962,University of Iowa,0,Less Selective/Medium Scores,1,Outdoor Attractions
963,University of Jamestown,2,Less Selective/Lowest Scores,4,Pizza and Dessert
964,University of Kentucky,0,Less Selective/Medium Scores,1,Outdoor Attractions
965,University of La Verne,1,Least Selective/Lower Scores,3,Variety of Cuisines
966,University of Louisiana at Lafayette,1,Least Selective/Lower Scores,1,Outdoor Attractions
967,University of Louisville,0,Less Selective/Medium Scores,1,Outdoor Attractions
968,University of Maine,1,Least Selective/Lower Scores,4,Pizza and Dessert
969,University of Maine at Fort Kent,2,Less Selective/Lowest Scores,4,Pizza and Dessert
970,University of Mary,0,Less Selective/Medium Scores,4,Pizza and Dessert
971,University of Mary Hardin-Baylor,1,Least Selective/Lower Scores,3,Variety of Cuisines
972,University of Mary Washington,0,Less Selective/Medium Scores,1,Outdoor Attractions
973,University of Maryland Eastern Shore,2,Less Selective/Lowest Scores,2,Fast Food
974,University of Maryland-Baltimore County,0,Less Selective/Medium Scores,4,Pizza and Dessert
975,University of Maryland-College Park,3,Most Selective/Highest Scores,0,Coffee and Casual
976,University of Massachusetts-Amherst,0,Less Selective/Medium Scores,1,Outdoor Attractions
977,University of Massachusetts-Dartmouth,1,Least Selective/Lower Scores,3,Variety of Cuisines
978,University of Massachusetts-Lowell,0,Less Selective/Medium Scores,1,Outdoor Attractions
979,University of Memphis,1,Least Selective/Lower Scores,3,Variety of Cuisines
980,University of Miami,3,Most Selective/Highest Scores,0,Coffee and Casual
981,University of Michigan-Ann Arbor,3,Most Selective/Highest Scores,1,Outdoor Attractions
982,University of Michigan-Flint,1,Least Selective/Lower Scores,1,Outdoor Attractions
983,University of Minnesota-Crookston,1,Least Selective/Lower Scores,2,Fast Food
984,University of Minnesota-Duluth,0,Less Selective/Medium Scores,0,Coffee and Casual
985,University of Minnesota-Morris,0,Less Selective/Medium Scores,4,Pizza and Dessert
986,University of Minnesota-Rochester,1,Least Selective/Lower Scores,1,Outdoor Attractions
987,University of Minnesota-Twin Cities,3,Most Selective/Highest Scores,0,Coffee and Casual
988,University of Mississippi,0,Less Selective/Medium Scores,1,Outdoor Attractions
989,University of Missouri-Columbia,0,Less Selective/Medium Scores,1,Outdoor Attractions
990,University of Missouri-Kansas City,0,Less Selective/Medium Scores,1,Outdoor Attractions
991,University of Missouri-St Louis,1,Least Selective/Lower Scores,0,Coffee and Casual
992,University of Mobile,2,Less Selective/Lowest Scores,4,Pizza and Dessert
993,University of Mount Olive,2,Less Selective/Lowest Scores,2,Fast Food
994,University of Mount Union,1,Least Selective/Lower Scores,4,Pizza and Dessert
995,University of Nebraska at Kearney,2,Less Selective/Lowest Scores,3,Variety of Cuisines
996,University of Nebraska-Lincoln,0,Less Selective/Medium Scores,1,Outdoor Attractions
997,University of Nevada-Las Vegas,1,Least Selective/Lower Scores,0,Coffee and Casual
998,University of Nevada-Reno,0,Less Selective/Medium Scores,1,Outdoor Attractions
999,University of New England,1,Least Selective/Lower Scores,1,Outdoor Attractions
1000,University of New Hampshire at Manchester,1,Least Selective/Lower Scores,0,Coffee and Casual
1001,University of New Hampshire-Main Campus,0,Less Selective/Medium Scores,1,Outdoor Attractions
1002,University of New Haven,1,Least Selective/Lower Scores,0,Coffee and Casual
1003,University of New Mexico-Main Campus,0,Less Selective/Medium Scores,1,Outdoor Attractions
1004,University of New Orleans,0,Less Selective/Medium Scores,0,Coffee and Casual
1005,University of North Alabama,1,Least Selective/Lower Scores,3,Variety of Cuisines
1006,University of North Carolina at Asheville,1,Least Selective/Lower Scores,1,Outdoor Attractions
1007,University of North Carolina at Chapel Hill,3,Most Selective/Highest Scores,1,Outdoor Attractions
1008,University of North Carolina at Charlotte,0,Less Selective/Medium Scores,1,Outdoor Attractions
1009,University of North Carolina at Greensboro,1,Least Selective/Lower Scores,1,Outdoor Attractions
1010,University of North Carolina at Pembroke,2,Less Selective/Lowest Scores,2,Fast Food
1011,University of North Carolina School of the Arts,0,Less Selective/Medium Scores,1,Outdoor Attractions
1012,University of North Carolina Wilmington,0,Less Selective/Medium Scores,0,Coffee and Casual
1013,University of North Dakota,1,Least Selective/Lower Scores,1,Outdoor Attractions
1014,University of North Florida,0,Less Selective/Medium Scores,3,Variety of Cuisines
1015,University of North Georgia,1,Least Selective/Lower Scores,4,Pizza and Dessert
1016,University of North Texas,0,Less Selective/Medium Scores,1,Outdoor Attractions
1017,University of North Texas at Dallas,2,Less Selective/Lowest Scores,3,Variety of Cuisines
1018,University of Northern Colorado,1,Least Selective/Lower Scores,1,Outdoor Attractions
1019,University of Notre Dame,3,Most Selective/Highest Scores,1,Outdoor Attractions
1020,University of Oklahoma-Norman Campus,0,Less Selective/Medium Scores,1,Outdoor Attractions
1021,University of Oregon,0,Less Selective/Medium Scores,1,Outdoor Attractions
1022,University of Pennsylvania,3,Most Selective/Highest Scores,0,Coffee and Casual
1023,University of Pittsburgh-Bradford,1,Least Selective/Lower Scores,4,Pizza and Dessert
1024,University of Pittsburgh-Greensburg,1,Least Selective/Lower Scores,1,Outdoor Attractions
1025,University of Pittsburgh-Johnstown,1,Least Selective/Lower Scores,4,Pizza and Dessert
1026,University of Pittsburgh-Pittsburgh Campus,3,Most Selective/Highest Scores,1,Outdoor Attractions
1027,University of Pittsburgh-Titusville,2,Less Selective/Lowest Scores,2,Fast Food
1028,University of Portland,0,Less Selective/Medium Scores,1,Outdoor Attractions
1029,University of Redlands,0,Less Selective/Medium Scores,3,Variety of Cuisines
1030,University of Rhode Island,1,Least Selective/Lower Scores,1,Outdoor Attractions
1031,University of Richmond,3,Most Selective/Highest Scores,3,Variety of Cuisines
1032,University of Rochester,3,Most Selective/Highest Scores,0,Coffee and Casual
1033,University of Saint Francis-Fort Wayne,1,Least Selective/Lower Scores,1,Outdoor Attractions
1034,University of Saint Mary,1,Least Selective/Lower Scores,3,Variety of Cuisines
1035,University of San Diego,0,Less Selective/Medium Scores,0,Coffee and Casual
1036,University of San Francisco,0,Less Selective/Medium Scores,0,Coffee and Casual
1037,University of Science and Arts of Oklahoma,2,Less Selective/Lowest Scores,2,Fast Food
1038,University of Scranton,0,Less Selective/Medium Scores,1,Outdoor Attractions
1039,University of Sioux Falls,1,Least Selective/Lower Scores,1,Outdoor Attractions
1040,University of South Alabama,1,Least Selective/Lower Scores,3,Variety of Cuisines
1041,University of South Carolina-Aiken,2,Less Selective/Lowest Scores,4,Pizza and Dessert
1042,University of South Carolina-Beaufort,2,Less Selective/Lowest Scores,4,Pizza and Dessert
1043,University of South Carolina-Columbia,0,Less Selective/Medium Scores,1,Outdoor Attractions
1044,University of South Carolina-Lancaster,2,Less Selective/Lowest Scores,4,Pizza and Dessert
1045,University of South Carolina-Salkehatchie,2,Less Selective/Lowest Scores,2,Fast Food
1046,University of South Carolina-Sumter,2,Less Selective/Lowest Scores,3,Variety of Cuisines
1047,University of South Carolina-Union,2,Less Selective/Lowest Scores,2,Fast Food
1048,University of South Carolina-Upstate,2,Less Selective/Lowest Scores,3,Variety of Cuisines
1049,University of South Dakota,0,Less Selective/Medium Scores,4,Pizza and Dessert
1050,University of South Florida-Main Campus,0,Less Selective/Medium Scores,3,Variety of Cuisines
1051,University of South Florida-Sarasota-Manatee,0,Less Selective/Medium Scores,0,Coffee and Casual
1052,University of South Florida-St Petersburg,1,Least Selective/Lower Scores,0,Coffee and Casual
1053,University of Southern California,3,Most Selective/Highest Scores,1,Outdoor Attractions
1054,University of Southern Indiana,1,Least Selective/Lower Scores,3,Variety of Cuisines
1055,University of Southern Maine,1,Least Selective/Lower Scores,1,Outdoor Attractions
1056,University of St Francis,1,Least Selective/Lower Scores,3,Variety of Cuisines
1057,University of St Thomas,1,Least Selective/Lower Scores,1,Outdoor Attractions
1058,University of St Thomas,0,Less Selective/Medium Scores,1,Outdoor Attractions
1059,University of the Cumberlands,1,Least Selective/Lower Scores,2,Fast Food
1060,University of the Incarnate Word,1,Least Selective/Lower Scores,1,Outdoor Attractions
1061,University of the Pacific,0,Less Selective/Medium Scores,1,Outdoor Attractions
1062,University of the Sciences,0,Less Selective/Medium Scores,0,Coffee and Casual
1063,University of Toledo,1,Least Selective/Lower Scores,3,Variety of Cuisines
1064,University of Tulsa,3,Most Selective/Highest Scores,3,Variety of Cuisines
1065,University of Utah,0,Less Selective/Medium Scores,0,Coffee and Casual
1066,University of Vermont,0,Less Selective/Medium Scores,1,Outdoor Attractions
1067,University of Virginia-Main Campus,3,Most Selective/Highest Scores,0,Coffee and Casual
1068,University of Washington-Bothell Campus,1,Least Selective/Lower Scores,1,Outdoor Attractions
1069,University of Washington-Seattle Campus,3,Most Selective/Highest Scores,0,Coffee and Casual
1070,University of Washington-Tacoma Campus,1,Least Selective/Lower Scores,1,Outdoor Attractions
1071,University of West Alabama,2,Less Selective/Lowest Scores,2,Fast Food
1072,University of West Georgia,2,Less Selective/Lowest Scores,3,Variety of Cuisines
1073,University of Wisconsin-Madison,3,Most Selective/Highest Scores,1,Outdoor Attractions
1074,University of Wyoming,0,Less Selective/Medium Scores,1,Outdoor Attractions
1075,Upper Iowa University,1,Least Selective/Lower Scores,1,Outdoor Attractions
1076,Urbana University,2,Less Selective/Lowest Scores,2,Fast Food
1077,Ursuline College,1,Least Selective/Lower Scores,3,Variety of Cuisines
1078,Utah State University,0,Less Selective/Medium Scores,3,Variety of Cuisines
1079,Valdosta State University,2,Less Selective/Lowest Scores,3,Variety of Cuisines
1080,Valley City State University,2,Less Selective/Lowest Scores,4,Pizza and Dessert
1081,Valparaiso University,0,Less Selective/Medium Scores,3,Variety of Cuisines
1082,Vanderbilt University,3,Most Selective/Highest Scores,1,Outdoor Attractions
1083,VanderCook College of Music,0,Less Selective/Medium Scores,0,Coffee and Casual
1084,Vanguard University of Southern California,2,Less Selective/Lowest Scores,1,Outdoor Attractions
1085,Vassar College,3,Most Selective/Highest Scores,1,Outdoor Attractions
1086,Villanova University,3,Most Selective/Highest Scores,1,Outdoor Attractions
1087,Virginia Commonwealth University,0,Less Selective/Medium Scores,0,Coffee and Casual
1088,Virginia Military Institute,0,Less Selective/Medium Scores,4,Pizza and Dessert
1089,Virginia Polytechnic Institute and State University,0,Less Selective/Medium Scores,1,Outdoor Attractions
1090,Virginia State University,2,Less Selective/Lowest Scores,3,Variety of Cuisines
1091,Virginia Union University,2,Less Selective/Lowest Scores,1,Outdoor Attractions
1092,Virginia Wesleyan University,1,Least Selective/Lower Scores,3,Variety of Cuisines
1093,Visible Music College,0,Less Selective/Medium Scores,0,Coffee and Casual
1094,Viterbo University,3,Most Selective/Highest Scores,1,Outdoor Attractions
1095,Wabash College,0,Less Selective/Medium Scores,4,Pizza and Dessert
1096,Waldorf University,2,Less Selective/Lowest Scores,4,Pizza and Dessert
1097,Walla Walla University,1,Least Selective/Lower Scores,3,Variety of Cuisines
1098,Walsh University,1,Least Selective/Lower Scores,3,Variety of Cuisines
1099,Warner University,2,Less Selective/Lowest Scores,4,Pizza and Dessert
1100,Warren Wilson College,0,Less Selective/Medium Scores,3,Variety of Cuisines
1101,Wartburg College,1,Least Selective/Lower Scores,4,Pizza and Dessert
1102,Washington Adventist University,2,Less Selective/Lowest Scores,3,Variety of Cuisines
1103,Washington and Lee University,3,Most Selective/Highest Scores,4,Pizza and Dessert
1104,Washington State University,1,Least Selective/Lower Scores,1,Outdoor Attractions
1105,Washington University in St Louis,3,Most Selective/Highest Scores,0,Coffee and Casual
1106,Watkins College of Art Design & Film,2,Less Selective/Lowest Scores,1,Outdoor Attractions
1107,Wayland Baptist University,2,Less Selective/Lowest Scores,2,Fast Food
1108,Wayne State University,1,Least Selective/Lower Scores,1,Outdoor Attractions
1109,Waynesburg University,1,Least Selective/Lower Scores,2,Fast Food
1110,Webb Institute,3,Most Selective/Highest Scores,0,Coffee and Casual
1111,Webber International University,2,Less Selective/Lowest Scores,2,Fast Food
1112,Webster University,1,Least Selective/Lower Scores,0,Coffee and Casual
1113,Wellesley College,3,Most Selective/Highest Scores,0,Coffee and Casual
1114,Wentworth Institute of Technology,0,Less Selective/Medium Scores,0,Coffee and Casual
1115,Wesley College,2,Less Selective/Lowest Scores,3,Variety of Cuisines
1116,Wesleyan College,2,Less Selective/Lowest Scores,3,Variety of Cuisines
1117,West Chester University of Pennsylvania,1,Least Selective/Lower Scores,0,Coffee and Casual
1118,West Liberty University,0,Less Selective/Medium Scores,2,Fast Food
1119,West Texas A & M University,1,Least Selective/Lower Scores,4,Pizza and Dessert
1120,West Virginia State University,2,Less Selective/Lowest Scores,3,Variety of Cuisines
1121,West Virginia University,1,Least Selective/Lower Scores,1,Outdoor Attractions
1122,West Virginia University Institute of Technology,1,Least Selective/Lower Scores,3,Variety of Cuisines
1123,West Virginia Wesleyan College,1,Least Selective/Lower Scores,2,Fast Food
1124,Western Carolina University,1,Least Selective/Lower Scores,3,Variety of Cuisines
1125,Western Illinois University,2,Less Selective/Lowest Scores,4,Pizza and Dessert
1126,Western Kentucky University,1,Least Selective/Lower Scores,1,Outdoor Attractions
1127,Western Michigan University,1,Least Selective/Lower Scores,1,Outdoor Attractions
1128,Western New England University,1,Least Selective/Lower Scores,0,Coffee and Casual
1129,Western State Colorado University,1,Least Selective/Lower Scores,3,Variety of Cuisines
1130,Western Washington University,0,Less Selective/Medium Scores,1,Outdoor Attractions
1131,Westfield State University,1,Least Selective/Lower Scores,4,Pizza and Dessert
1132,Westminster College,1,Least Selective/Lower Scores,4,Pizza and Dessert
1133,Westminster College,0,Less Selective/Medium Scores,4,Pizza and Dessert
1134,Westminster College,1,Least Selective/Lower Scores,4,Pizza and Dessert
1135,Westmont College,0,Less Selective/Medium Scores,1,Outdoor Attractions
1136,Wheaton College,3,Most Selective/Highest Scores,3,Variety of Cuisines
1137,Wheaton College,0,Less Selective/Medium Scores,3,Variety of Cuisines
1138,Wheeling Jesuit University,2,Less Selective/Lowest Scores,1,Outdoor Attractions
1139,Whitman College,3,Most Selective/Highest Scores,3,Variety of Cuisines
1140,Whittier College,1,Least Selective/Lower Scores,3,Variety of Cuisines
1141,Whitworth University,0,Less Selective/Medium Scores,3,Variety of Cuisines
1142,Wichita State University,0,Less Selective/Medium Scores,3,Variety of Cuisines
1143,Widener University,1,Least Selective/Lower Scores,0,Coffee and Casual
1144,Wilberforce University,2,Less Selective/Lowest Scores,4,Pizza and Dessert
1145,Wilkes University,1,Least Selective/Lower Scores,4,Pizza and Dessert
1146,William Carey University,1,Least Selective/Lower Scores,3,Variety of Cuisines
1147,William Jessup University,1,Least Selective/Lower Scores,3,Variety of Cuisines
1148,William Jewell College,0,Less Selective/Medium Scores,3,Variety of Cuisines
1149,William Paterson University of New Jersey,2,Less Selective/Lowest Scores,0,Coffee and Casual
1150,William Peace University,2,Less Selective/Lowest Scores,1,Outdoor Attractions
1151,William Woods University,1,Least Selective/Lower Scores,4,Pizza and Dessert
1152,Williams Baptist University,2,Less Selective/Lowest Scores,2,Fast Food
1153,Williams College,3,Most Selective/Highest Scores,1,Outdoor Attractions
1154,Wilmington College,2,Less Selective/Lowest Scores,4,Pizza and Dessert
1155,Wilson College,2,Less Selective/Lowest Scores,3,Variety of Cuisines
1156,Wingate University,1,Least Selective/Lower Scores,2,Fast Food
1157,Winona State University,1,Least Selective/Lower Scores,1,Outdoor Attractions
1158,Winston-Salem State University,2,Less Selective/Lowest Scores,1,Outdoor Attractions
1159,Winthrop University,1,Least Selective/Lower Scores,3,Variety of Cuisines
1160,Wisconsin Lutheran College,1,Least Selective/Lower Scores,1,Outdoor Attractions
1161,Wofford College,0,Less Selective/Medium Scores,3,Variety of Cuisines
1162,Woodbury University,2,Less Selective/Lowest Scores,3,Variety of Cuisines
1163,Wright State University-Lake Campus,2,Less Selective/Lowest Scores,4,Pizza and Dessert
1164,Wright State University-Main Campus,1,Least Selective/Lower Scores,3,Variety of Cuisines
1165,Xavier University,1,Least Selective/Lower Scores,1,Outdoor Attractions
1166,Xavier University of Louisiana,1,Least Selective/Lower Scores,0,Coffee and Casual
1167,Yale University,3,Most Selective/Highest Scores,1,Outdoor Attractions
1168,Yeshiva University,0,Less Selective/Medium Scores,0,Coffee and Casual
1169,York College,1,Least Selective/Lower Scores,2,Fast Food
1170,York College of Pennsylvania,1,Least Selective/Lower Scores,1,Outdoor Attractions
1171,Young Harris College,2,Less Selective/Lowest Scores,0,Coffee and Casual
1172,Youngstown State University,1,Least Selective/Lower Scores,1,Outdoor Attractions
